file,gas1,gas2,composition1,composition2,electricField,gap,pressure,temperature,alphaEff,vz
rootArchives_Pure_Ar/ar_100.0_n2_0.0_10.0kVcm_1.000bar_0.0500mm_1npe.root,ar,n2,100.0,0.0,10000.0,0.05,750.061683,293.15,12.387091455221372,
rootArchives_Pure_Ar/ar_100.0_n2_0.0_90.0kVcm_1.000bar_0.0500mm_1npe.root,ar,n2,100.0,0.0,90000.0,0.05,750.061683,293.15,1787.59775420046,
rootArchives_Pure_Ar/ar_100.0_n2_0.0_70.0kVcm_1.000bar_0.0500mm_1npe.root,ar,n2,100.0,0.0,70000.0,0.05,750.061683,293.15,1278.7761271418658,
rootArchives_Pure_Ar/ar_100.0_n2_0.0_50.0kVcm_1.000bar_0.0500mm_1npe.root,ar,n2,100.0,0.0,50000.0,0.05,750.061683,293.15,771.3994386517629,
rootArchives_Pure_Ar/ar_100.0_n2_0.0_30.0kVcm_1.000bar_0.0500mm_1npe.root,ar,n2,100.0,0.0,30000.0,0.05,750.061683,293.15,310.16430444406313,
rootArchives_Pure_Ar/ar_100.0_n2_0.0_110.0kVcm_1.000bar_0.0500mm_1npe.root,ar,n2,100.0,0.0,110000.0,0.05,750.061683,293.15,2294.065007745588,
rootArchives/n2_100.0_ar_0.0_70.0kVcm_1.000bar_0.0500mm_1npe.root,n2,ar,100.0,0.0,70000.0,0.05,750.061683,293.15,304.2659106226458,
rootArchives/ar_90.0_n2_10.0_60.0kVcm_1.000bar_0.0500mm_1npe.root,ar,n2,90.0,10.0,60000.0,0.05,750.061683,293.15,859.4230555230877,
rootArchives/n2_100.0_ar_0.0_90.0kVcm_1.000bar_0.0500mm_1npe.root,n2,ar,100.0,0.0,90000.0,0.05,750.061683,293.15,580.5120272042547,
rootArchives/ar_90.0_n2_10.0_80.0kVcm_1.000bar_0.0500mm_1npe.root,ar,n2,90.0,10.0,80000.0,0.05,750.061683,293.15,1357.899382845152,
rootArchives/ar_90.0_n2_10.0_90.0kVcm_1.000bar_0.0500mm_1npe.root,ar,n2,90.0,10.0,90000.0,0.05,750.061683,293.15,1610.7075925719969,
rootArchives/ar_90.0_n2_10.0_30.0kVcm_1.000bar_0.0500mm_1npe.root,ar,n2,90.0,10.0,30000.0,0.05,750.061683,293.15,200.46112918758888,
rootArchives/ar_99.0_n2_1.0_90.0kVcm_1.000bar_0.0500mm_0npe.root,ar,n2,99.0,1.0,90000.0,0.05,750.061683,293.15,1774.982785249658,
rootArchives/ar_99.0_n2_1.0_30.0kVcm_1.000bar_0.0500mm_0npe.root,ar,n2,99.0,1.0,30000.0,0.05,750.061683,293.15,294.459200056882,
rootArchives/n2_100.0_ar_0.0_60.0kVcm_1.000bar_0.0500mm_1npe.root,n2,ar,100.0,0.0,60000.0,0.05,750.061683,293.15,193.48823972206569,
rootArchives/ar_90.0_n2_10.0_70.0kVcm_1.000bar_0.0500mm_1npe.root,ar,n2,90.0,10.0,70000.0,0.05,750.061683,293.15,1108.148639196752,
rootArchives/ar_99.0_n2_1.0_80.0kVcm_1.000bar_0.0500mm_0npe.root,ar,n2,99.0,1.0,80000.0,0.05,750.061683,293.15,1514.3566705431558,
rootArchives/ar_99.0_n2_1.0_70.0kVcm_1.000bar_0.0500mm_0npe.root,ar,n2,99.0,1.0,70000.0,0.05,750.061683,293.15,1259.499823626715,
rootArchives/n2_100.0_ar_0.0_30.0kVcm_1.000bar_0.0500mm_1npe.root,n2,ar,100.0,0.0,30000.0,0.05,750.061683,293.15,9.120987897078328,
rootArchives/ar_99.0_n2_1.0_60.0kVcm_1.000bar_0.0500mm_0npe.root,ar,n2,99.0,1.0,60000.0,0.05,750.061683,293.15,1007.8348605951076,
rootArchives/n2_100.0_ar_0.0_80.0kVcm_1.000bar_0.0500mm_1npe.root,n2,ar,100.0,0.0,80000.0,0.05,750.061683,293.15,433.0647347938683,
rootArchives/ar_99.0_n2_1.0_60.0kVcm_1.000bar_0.0914mm_100npe.root,ar,n2,99.0,1.0,60000.0,0.091379,750.061683,293.15,,
rootArchives/ar_99.0_n2_1.0_80.0kVcm_1.000bar_0.0608mm_100npe.root,ar,n2,99.0,1.0,80000.0,0.0608,750.061683,293.15,,
rootArchives/ar_90.0_n2_10.0_60.0kVcm_1.000bar_0.1071mm_100npe.root,ar,n2,90.0,10.0,60000.0,0.107149,750.061683,293.15,,
rootArchives/ar_90.0_n2_10.0_70.0kVcm_1.000bar_0.0832mm_100npe.root,ar,n2,90.0,10.0,70000.0,0.083161,750.061683,293.15,,
rootArchives/ar_100.0_n2_0.0_80.0kVcm_1.000bar_0.0602mm_100npe.root,ar,n2,100.0,0.0,80000.0,0.060176,750.061683,293.15,,
rootArchives/ar_100.0_n2_0.0_70.0kVcm_1.000bar_0.0722mm_100npe.root,ar,n2,100.0,0.0,70000.0,0.072205,750.061683,293.15,,
rootArchives/ar_99.0_n2_1.0_90.0kVcm_1.000bar_0.0519mm_100npe.root,ar,n2,99.0,1.0,90000.0,0.051896,750.061683,293.15,,
rootArchives/ar_100.0_n2_0.0_90.0kVcm_1.000bar_0.0516mm_100npe.root,ar,n2,100.0,0.0,90000.0,0.051564,750.061683,293.15,,
rootArchives/ar_90.0_n2_10.0_90.0kVcm_1.000bar_0.0572mm_100npe.root,ar,n2,90.0,10.0,90000.0,0.057194,750.061683,293.15,,
rootArchives/ar_99.0_n2_1.0_70.0kVcm_1.000bar_0.0731mm_100npe.root,ar,n2,99.0,1.0,70000.0,0.073148,750.061683,293.15,,
rootArchives/ar_90.0_n2_10.0_80.0kVcm_1.000bar_0.0678mm_100npe.root,ar,n2,90.0,10.0,80000.0,0.067788,750.061683,293.15,,
rootArchives/ar_100.0_n2_0.0_60.0kVcm_1.000bar_0.0901mm_100npe.root,ar,n2,100.0,0.0,60000.0,0.090074,750.061683,293.15,,
rootArchives/ar_99.0_cf4_1.0_90.0kVcm_1.000bar_0.0259mm_500npe.root,ar,cf4,99.0,1.0,90000.0,0.025868,750.061683,293.15,,
rootArchives/ar_95.0_cf4_5.0_70.0kVcm_1.000bar_0.0369mm_500npe.root,ar,cf4,95.0,5.0,70000.0,0.036892,750.061683,293.15,,
rootArchives/ar_100.0_cf4_0.0_110.0kVcm_1.000bar_0.0199mm_500npe.root,ar,cf4,100.0,0.0,110000.0,0.01988,750.061683,293.15,,
rootArchives/ar_99.0_cf4_1.0_80.0kVcm_1.000bar_0.0302mm_500npe.root,ar,cf4,99.0,1.0,80000.0,0.030197,750.061683,293.15,,
rootArchives/ar_90.0_cf4_10.0_40.0kVcm_1.000bar_0.0938mm_500npe.root,ar,cf4,90.0,10.0,40000.0,0.093833,750.061683,293.15,,
rootArchives/ar_95.0_cf4_5.0_60.0kVcm_1.000bar_0.0461mm_500npe.root,ar,cf4,95.0,5.0,60000.0,0.046146,750.061683,293.15,,
rootArchives/ar_99.0_cf4_1.0_110.0kVcm_1.000bar_0.0201mm_500npe.root,ar,cf4,99.0,1.0,110000.0,0.020102,750.061683,293.15,,
rootArchives/ar_100.0_cf4_0.0_90.0kVcm_1.000bar_0.0258mm_500npe.root,ar,cf4,100.0,0.0,90000.0,0.025804,750.061683,293.15,,
rootArchives/ar_99.0_cf4_1.0_60.0kVcm_1.000bar_0.0452mm_500npe.root,ar,cf4,99.0,1.0,60000.0,0.04524,750.061683,293.15,,
rootArchives/ar_100.0_cf4_0.0_70.0kVcm_1.000bar_0.0364mm_500npe.root,ar,cf4,100.0,0.0,70000.0,0.036411,750.061683,293.15,,
rootArchives/ar_99.0_cf4_1.0_40.0kVcm_1.000bar_0.0872mm_500npe.root,ar,cf4,99.0,1.0,40000.0,0.087162,750.061683,293.15,,
rootArchives/ar_100.0_cf4_0.0_40.0kVcm_1.000bar_0.0871mm_500npe.root,ar,cf4,100.0,0.0,40000.0,0.087135,750.061683,293.15,,
rootArchives/ar_95.0_cf4_5.0_80.0kVcm_1.000bar_0.0307mm_500npe.root,ar,cf4,95.0,5.0,80000.0,0.030669,750.061683,293.15,,
rootArchives/ar_99.0_cf4_1.0_70.0kVcm_1.000bar_0.0362mm_500npe.root,ar,cf4,99.0,1.0,70000.0,0.036245,750.061683,293.15,,
rootArchives/ar_90.0_cf4_10.0_60.0kVcm_1.000bar_0.0473mm_500npe.root,ar,cf4,90.0,10.0,60000.0,0.047337,750.061683,293.15,,
rootArchives/ar_90.0_cf4_10.0_80.0kVcm_1.000bar_0.0313mm_500npe.root,ar,cf4,90.0,10.0,80000.0,0.031305,750.061683,293.15,,
rootArchives/ar_90.0_cf4_10.0_90.0kVcm_1.000bar_0.0267mm_500npe.root,ar,cf4,90.0,10.0,90000.0,0.026665,750.061683,293.15,,
rootArchives/ar_95.0_cf4_5.0_40.0kVcm_1.000bar_0.0901mm_500npe.root,ar,cf4,95.0,5.0,40000.0,0.090089,750.061683,293.15,,
rootArchives/ar_95.0_cf4_5.0_110.0kVcm_1.000bar_0.0202mm_500npe.root,ar,cf4,95.0,5.0,110000.0,0.020236,750.061683,293.15,,
rootArchives/ar_90.0_cf4_10.0_70.0kVcm_1.000bar_0.0378mm_500npe.root,ar,cf4,90.0,10.0,70000.0,0.037756,750.061683,293.15,,
rootArchives/ar_100.0_cf4_0.0_80.0kVcm_1.000bar_0.0302mm_500npe.root,ar,cf4,100.0,0.0,80000.0,0.030239,750.061683,293.15,,
rootArchives/ar_100.0_cf4_0.0_60.0kVcm_1.000bar_0.0455mm_500npe.root,ar,cf4,100.0,0.0,60000.0,0.04553,750.061683,293.15,,
rootArchives/ar_90.0_cf4_10.0_110.0kVcm_1.000bar_0.0204mm_500npe.root,ar,cf4,90.0,10.0,110000.0,0.020436,750.061683,293.15,,
rootArchives/ar_95.0_cf4_5.0_90.0kVcm_1.000bar_0.0262mm_500npe.root,ar,cf4,95.0,5.0,90000.0,0.026205,750.061683,293.15,,
rootArchives/cf4_100.0_ar_0.0_40.0kVcm_1.000bar_0.5086mm_500npe.root,cf4,ar,100.0,0.0,40000.0,0.508633,750.061683,293.15,,
rootArchives/ar_100.0_cf4_0.0_110.0kVcm_5.000bar_0.0000mm_1npe.root,ar,cf4,100.0,0.0,110000.0,5e-06,3750.308415,293.15,774.5210145058334,
rootArchives/ar_67.0_cf4_33.0_60.0kVcm_1.000bar_0.0000mm_1npe.root,ar,cf4,67.0,33.0,60000.0,5e-06,750.061683,293.15,862.803231443176,
rootArchives/ar_100.0_cf4_0.0_20.0kVcm_5.000bar_0.0000mm_1npe.root,ar,cf4,100.0,0.0,20000.0,5e-06,3750.308415,293.15,0.1068064674648999,
rootArchives/ar_67.0_cf4_33.0_20.0kVcm_1.000bar_0.0000mm_1npe.root,ar,cf4,67.0,33.0,20000.0,5e-06,750.061683,293.15,-35.2742863960635,
rootArchives/ar_33.0_cf4_67.0_90.0kVcm_1.000bar_0.0309mm_500npe.root,ar,cf4,33.0,67.0,90000.0,0.030888,750.061683,293.15,,
rootArchives/ar_33.0_cf4_67.0_40.0kVcm_1.000bar_0.2255mm_500npe.root,ar,cf4,33.0,67.0,40000.0,0.225544,750.061683,293.15,,
rootArchives/ar_95.0_cf4_5.0_20.0kVcm_5.000bar_0.0000mm_1npe.root,ar,cf4,95.0,5.0,20000.0,5e-06,3750.308415,293.15,-79.67886729193648,
rootArchives/ar_90.0_cf4_10.0_20.0kVcm_5.000bar_0.0000mm_1npe.root,ar,cf4,90.0,10.0,20000.0,5e-06,3750.308415,293.15,-59.96323478863102,
rootArchives/cf4_100.0_ar_0.0_40.0kVcm_1.000bar_0.0000mm_1npe.root,cf4,ar,100.0,0.0,40000.0,5e-06,750.061683,293.15,90.53228238899476,
rootArchives/ar_0.0_cf4_100.0_20.0kVcm_5.000bar_0.0000mm_1npe.root,ar,cf4,0.0,100.0,20000.0,5e-06,3750.308415,293.15,0.0,
rootArchives/ar_33.0_cf4_67.0_90.0kVcm_1.000bar_0.0000mm_1npe.root,ar,cf4,33.0,67.0,90000.0,5e-06,750.061683,293.15,1491.9036864474942,
rootArchives/ar_33.0_cf4_67.0_70.0kVcm_1.000bar_0.0000mm_1npe.root,ar,cf4,33.0,67.0,70000.0,5e-06,750.061683,293.15,970.4673151081172,
rootArchives/cf4_100.0_ar_0.0_70.0kVcm_1.000bar_0.0000mm_1npe.root,cf4,ar,100.0,0.0,70000.0,5e-06,750.061683,293.15,820.4667236494381,
rootArchives/ar_0.0_cf4_100.0_60.0kVcm_1.000bar_0.0000mm_1npe.root,ar,cf4,0.0,100.0,60000.0,5e-06,750.061683,293.15,566.8559643576485,
rootArchives/ar_67.0_cf4_33.0_20.0kVcm_5.000bar_0.0000mm_1npe.root,ar,cf4,67.0,33.0,20000.0,5e-06,3750.308415,293.15,-9.387336762159691,
rootArchives/ar_99.0_cf4_1.0_110.0kVcm_5.000bar_0.0000mm_1npe.root,ar,cf4,99.0,1.0,110000.0,5e-06,3750.308415,293.15,743.27196834411,
rootArchives/ar_90.0_cf4_10.0_20.0kVcm_1.000bar_0.0000mm_1npe.root,ar,cf4,90.0,10.0,20000.0,5e-06,750.061683,293.15,63.00942290292811,
rootArchives/ar_0.0_cf4_100.0_110.0kVcm_5.000bar_0.0000mm_1npe.root,ar,cf4,0.0,100.0,110000.0,5e-06,3750.308415,293.15,-458.7835032319693,
rootArchives/ar_0.0_cf4_100.0_20.0kVcm_1.000bar_0.0000mm_1npe.root,ar,cf4,0.0,100.0,20000.0,5e-06,750.061683,293.15,-82.3921036308621,
rootArchives/ar_0.0_cf4_100.0_60.0kVcm_5.000bar_0.0000mm_1npe.root,ar,cf4,0.0,100.0,60000.0,5e-06,3750.308415,293.15,-143.76940062915358,
rootArchives/ar_67.0_cf4_33.0_90.0kVcm_1.000bar_0.0000mm_1npe.root,ar,cf4,67.0,33.0,90000.0,5e-06,750.061683,293.15,1646.967062991895,
rootArchives/ar_99.0_cf4_1.0_110.0kVcm_1.000bar_0.0000mm_1npe.root,ar,cf4,99.0,1.0,110000.0,5e-06,750.061683,293.15,2290.701434763253,
rootArchives/ar_100.0_cf4_0.0_110.0kVcm_1.000bar_0.0000mm_1npe.root,ar,cf4,100.0,0.0,110000.0,5e-06,750.061683,293.15,2294.065007745588,
rootArchives/cf4_100.0_ar_0.0_90.0kVcm_1.000bar_0.0000mm_1npe.root,cf4,ar,100.0,0.0,90000.0,5e-06,750.061683,293.15,1338.344666600988,
rootArchives/ar_90.0_cf4_10.0_110.0kVcm_1.000bar_0.0000mm_1npe.root,ar,cf4,90.0,10.0,110000.0,5e-06,750.061683,293.15,2253.449761122913,
rootArchives/ar_99.0_cf4_1.0_60.0kVcm_5.000bar_0.0000mm_1npe.root,ar,cf4,99.0,1.0,60000.0,5e-06,3750.308415,293.15,105.69450181632696,
rootArchives/cf4_100.0_ar_0.0_80.0kVcm_1.000bar_0.0000mm_1npe.root,cf4,ar,100.0,0.0,80000.0,5e-06,750.061683,293.15,1074.1853163349238,
rootArchives/ar_100.0_cf4_0.0_20.0kVcm_1.000bar_0.0000mm_1npe.root,ar,cf4,100.0,0.0,20000.0,5e-06,750.061683,293.15,121.69723452591164,
rootArchives/cf4_100.0_ar_0.0_110.0kVcm_1.000bar_0.0250mm_500npe.root,cf4,ar,100.0,0.0,110000.0,0.02504,750.061683,293.15,,
rootArchives/cf4_100.0_ar_0.0_90.0kVcm_1.000bar_0.0347mm_500npe.root,cf4,ar,100.0,0.0,90000.0,0.034651,750.061683,293.15,,
rootArchives/ar_67.0_cf4_33.0_110.0kVcm_5.000bar_0.0000mm_1npe.root,ar,cf4,67.0,33.0,110000.0,5e-06,3750.308415,293.15,-61.53170150823513,
rootArchives/ar_90.0_cf4_10.0_110.0kVcm_5.000bar_0.0000mm_1npe.root,ar,cf4,90.0,10.0,110000.0,5e-06,3750.308415,293.15,477.04041381269263,
rootArchives/ar_67.0_cf4_33.0_80.0kVcm_1.000bar_0.0000mm_1npe.root,ar,cf4,67.0,33.0,80000.0,5e-06,750.061683,293.15,1386.243344415694,
rootArchives/ar_33.0_cf4_67.0_80.0kVcm_1.000bar_0.0000mm_1npe.root,ar,cf4,33.0,67.0,80000.0,5e-06,750.061683,293.15,1230.536095572818,
rootArchives/ar_67.0_cf4_33.0_110.0kVcm_1.000bar_0.0000mm_1npe.root,ar,cf4,67.0,33.0,110000.0,5e-06,750.061683,293.15,2151.583495055403,
rootArchives/ar_67.0_cf4_33.0_40.0kVcm_1.000bar_0.0000mm_1npe.root,ar,cf4,67.0,33.0,40000.0,5e-06,750.061683,293.15,352.2066545957635,
rootArchives/ar_95.0_cf4_5.0_110.0kVcm_5.000bar_0.0000mm_1npe.root,ar,cf4,95.0,5.0,110000.0,5e-06,3750.308415,293.15,628.3034040059644,
rootArchives/ar_95.0_cf4_5.0_60.0kVcm_5.000bar_0.0000mm_1npe.root,ar,cf4,95.0,5.0,60000.0,5e-06,3750.308415,293.15,-8.509654608082485,
rootArchives/ar_33.0_cf4_67.0_70.0kVcm_1.000bar_0.0475mm_500npe.root,ar,cf4,33.0,67.0,70000.0,0.04749,750.061683,293.15,,
rootArchives/ar_100.0_cf4_0.0_60.0kVcm_1.000bar_0.0000mm_1npe.root,ar,cf4,100.0,0.0,60000.0,5e-06,750.061683,293.15,1027.118981265461,
rootArchives/ar_67.0_cf4_33.0_60.0kVcm_5.000bar_0.0000mm_1npe.root,ar,cf4,67.0,33.0,60000.0,5e-06,3750.308415,293.15,-262.9059890212739,
rootArchives/ar_33.0_cf4_67.0_80.0kVcm_1.000bar_0.0374mm_500npe.root,ar,cf4,33.0,67.0,80000.0,0.037381,750.061683,293.15,,
rootArchives/ar_33.0_cf4_67.0_60.0kVcm_1.000bar_0.0000mm_1npe.root,ar,cf4,33.0,67.0,60000.0,5e-06,750.061683,293.15,704.754131417765,
rootArchives/cf4_100.0_ar_0.0_110.0kVcm_1.000bar_0.0000mm_1npe.root,cf4,ar,100.0,0.0,110000.0,5e-06,750.061683,293.15,1836.950920131888,
rootArchives/ar_99.0_cf4_1.0_60.0kVcm_1.000bar_0.0000mm_1npe.root,ar,cf4,99.0,1.0,60000.0,5e-06,750.061683,293.15,1018.1501223988312,
rootArchives/ar_95.0_cf4_5.0_60.0kVcm_1.000bar_0.0000mm_1npe.root,ar,cf4,95.0,5.0,60000.0,5e-06,750.061683,293.15,997.964592527704,
rootArchives/ar_90.0_cf4_10.0_60.0kVcm_1.000bar_0.0000mm_1npe.root,ar,cf4,90.0,10.0,60000.0,5e-06,750.061683,293.15,972.8440267655546,
rootArchives/ar_0.0_cf4_100.0_110.0kVcm_1.000bar_0.0000mm_1npe.root,ar,cf4,0.0,100.0,110000.0,5e-06,750.061683,293.15,1836.950920131888,
rootArchives/ar_67.0_cf4_33.0_70.0kVcm_1.000bar_0.0000mm_1npe.root,ar,cf4,67.0,33.0,70000.0,5e-06,750.061683,293.15,1123.8432354286083,
rootArchives/ar_33.0_cf4_67.0_110.0kVcm_1.000bar_0.0230mm_500npe.root,ar,cf4,33.0,67.0,110000.0,0.023002,750.061683,293.15,,
rootArchives/cf4_100.0_ar_0.0_70.0kVcm_1.000bar_0.0559mm_500npe.root,cf4,ar,100.0,0.0,70000.0,0.055899,750.061683,293.15,,
rootArchives/cf4_100.0_ar_0.0_80.0kVcm_1.000bar_0.0428mm_500npe.root,cf4,ar,100.0,0.0,80000.0,0.042751,750.061683,293.15,,
rootArchives/ar_95.0_cf4_5.0_20.0kVcm_1.000bar_0.0000mm_1npe.root,ar,cf4,95.0,5.0,20000.0,5e-06,750.061683,293.15,92.6008462288077,
rootArchives/ar_33.0_cf4_67.0_40.0kVcm_1.000bar_0.0000mm_1npe.root,ar,cf4,33.0,67.0,40000.0,5e-06,750.061683,293.15,204.1813626438393,
rootArchives/ar_90.0_cf4_10.0_60.0kVcm_5.000bar_0.0000mm_1npe.root,ar,cf4,90.0,10.0,60000.0,5e-06,3750.308415,293.15,-122.01747991173949,
rootArchives/ar_95.0_cf4_5.0_110.0kVcm_1.000bar_0.0000mm_1npe.root,ar,cf4,95.0,5.0,110000.0,5e-06,750.061683,293.15,2275.6843104130394,
rootArchives/ar_33.0_cf4_67.0_110.0kVcm_1.000bar_0.0000mm_1npe.root,ar,cf4,33.0,67.0,110000.0,5e-06,750.061683,293.15,2001.864506802196,
rootArchives/cf4_100.0_ar_0.0_60.0kVcm_1.000bar_0.0813mm_500npe.root,cf4,ar,100.0,0.0,60000.0,0.081337,750.061683,293.15,,
rootArchives/ar_99.0_cf4_1.0_20.0kVcm_5.000bar_0.0000mm_1npe.root,ar,cf4,99.0,1.0,20000.0,5e-06,3750.308415,293.15,-45.28815837005151,
rootArchives/ar_99.0_cf4_1.0_20.0kVcm_1.000bar_0.0000mm_1npe.root,ar,cf4,99.0,1.0,20000.0,5e-06,750.061683,293.15,115.99559944152423,
rootArchives/ar_33.0_cf4_67.0_60.0kVcm_1.000bar_0.0653mm_500npe.root,ar,cf4,33.0,67.0,60000.0,0.065331,750.061683,293.15,,
rootArchives/cf4_100.0_ar_0.0_60.0kVcm_1.000bar_0.0000mm_1npe.root,cf4,ar,100.0,0.0,60000.0,5e-06,750.061683,293.15,566.8559643576485,
rootArchives/ar_80.0_cf4_20.0_5.0kVcm_5.0bar_0.0001mm_500npe.root,ar,cf4,80.0,20.0,5000.0,0.0001,3750.308415,293.15,0.0,
rootArchives/ar_80.0_cf4_20.0_25.0kVcm_1.0bar_0.0001mm_500npe.root,ar,cf4,80.0,20.0,25000.0,0.0001,750.061683,293.15,93.95549605934472,
rootArchives/ar_80.0_cf4_20.0_15.0kVcm_5.0bar_0.0001mm_500npe.root,ar,cf4,80.0,20.0,15000.0,0.0001,3750.308415,293.15,-6.958831870400233,
rootArchives/ar_80.0_cf4_20.0_10.0kVcm_1.0bar_0.0001mm_500npe.root,ar,cf4,80.0,20.0,10000.0,0.0001,750.061683,293.15,-40.788266763835296,
rootArchives/ar_80.0_cf4_20.0_5.0kVcm_1.0bar_0.0001mm_500npe.root,ar,cf4,80.0,20.0,5000.0,0.0001,750.061683,293.15,-12.054997490700131,
rootArchives/ar_80.0_cf4_20.0_25.0kVcm_5.0bar_0.0001mm_500npe.root,ar,cf4,80.0,20.0,25000.0,0.0001,3750.308415,293.15,-60.274987453533214,
rootArchives/ar_80.0_cf4_20.0_30.0kVcm_5.0bar_0.0001mm_500npe.root,ar,cf4,80.0,20.0,30000.0,0.0001,3750.308415,293.15,-95.50432646402774,
rootArchives/ar_80.0_cf4_20.0_10.0kVcm_5.0bar_0.0001mm_500npe.root,ar,cf4,80.0,20.0,10000.0,0.0001,3750.308415,293.15,-0.2011183002415048,
rootArchives/ar_80.0_cf4_20.0_15.0kVcm_1.0bar_0.0001mm_500npe.root,ar,cf4,80.0,20.0,15000.0,0.0001,750.061683,293.15,-36.18764102692812,
rootArchives/ar_80.0_cf4_20.0_25.0kVcm_2.0bar_0.0001mm_500npe.root,ar,cf4,80.0,20.0,25000.0,0.0001,1500.123366,293.15,-90.88282669359651,
rootArchives/ar_80.0_cf4_20.0_20.0kVcm_5.0bar_0.0001mm_500npe.root,ar,cf4,80.0,20.0,20000.0,0.0001,3750.308415,293.15,-29.9955413133024,
rootArchives/ar_80.0_cf4_20.0_10.0kVcm_1.0bar_543457843407493201920.0000mm_500npe.root,ar,cf4,80.0,20.0,10000.0,5.434578434074932e+20,750.061683,293.15,,
rootArchives/ar_80.0_cf4_20.0_15.0kVcm_1.0bar_2402.2966mm_200npe.root,ar,cf4,80.0,20.0,15000.0,2402.296589,750.061683,293.15,,
rootArchives/ar_80.0_cf4_20.0_30.0kVcm_2.0bar_0.0001mm_500npe.root,ar,cf4,80.0,20.0,30000.0,0.0001,1500.123366,293.15,-72.37528205385624,
rootArchives/ar_80.0_cf4_20.0_40.0kVcm_1.0bar_0.0001mm_1npe.root,ar,cf4,80.0,20.0,40000.0,0.0001,750.061683,293.15,420.08236254561535,
rootArchives/ar_80.0_cf4_20.0_80.0kVcm_1.0bar_0.0001mm_1npe.root,ar,cf4,80.0,20.0,80000.0,0.0001,750.061683,293.15,1441.930382781233,
rootArchives/ar_80.0_cf4_20.0_80.0kVcm_2.0bar_0.0001mm_500npe.root,ar,cf4,80.0,20.0,80000.0,0.0001,1500.123366,293.15,840.1647250912307,
rootArchives/ar_80.0_cf4_20.0_60.0kVcm_1.0bar_0.0001mm_1npe.root,ar,cf4,80.0,20.0,60000.0,0.0001,750.061683,293.15,923.2078921173973,
rootArchives/ar_80.0_cf4_20.0_50.0kVcm_2.0bar_0.0001mm_500npe.root,ar,cf4,80.0,20.0,50000.0,0.0001,1500.123366,293.15,187.91099211868948,
rootArchives/ar_80.0_cf4_20.0_70.0kVcm_1.0bar_0.0001mm_1npe.root,ar,cf4,80.0,20.0,70000.0,0.0001,750.061683,293.15,1179.8923000805928,
rootArchives/ar_80.0_cf4_20.0_90.0kVcm_2.0bar_0.0001mm_500npe.root,ar,cf4,80.0,20.0,90000.0,0.0001,1500.123366,293.15,1083.3936997504193,
rootArchives/ar_80.0_cf4_20.0_60.0kVcm_2.0bar_0.0001mm_500npe.root,ar,cf4,80.0,20.0,60000.0,0.0001,1500.123366,293.15,386.0745580076688,
rootArchives/ar_80.0_cf4_20.0_30.0kVcm_1.0bar_0.0001mm_1npe.root,ar,cf4,80.0,20.0,30000.0,0.0001,750.061683,293.15,193.0372790038344,
rootArchives/ar_80.0_cf4_20.0_100.0kVcm_1.0bar_0.0001mm_1npe.root,ar,cf4,80.0,20.0,100000.0,0.0001,750.061683,293.15,1960.4448827015729,
rootArchives/ar_80.0_cf4_20.0_100.0kVcm_1.0bar_0.0340mm_500npe.root,ar,cf4,80.0,20.0,100000.0,0.034031,750.061683,293.15,,
rootArchives/ar_80.0_cf4_20.0_100.0kVcm_2.0bar_0.0001mm_500npe.root,ar,cf4,80.0,20.0,100000.0,0.0001,1500.123366,293.15,1346.1022459901876,
rootArchives/ar_80.0_cf4_20.0_20.0kVcm_1.0bar_0.0001mm_1npe.root,ar,cf4,80.0,20.0,20000.0,0.0001,750.061683,293.15,15.120302034632196,
rootArchives/ar_80.0_cf4_20.0_50.0kVcm_1.0bar_0.0001mm_1npe.root,ar,cf4,80.0,20.0,50000.0,0.0001,750.061683,293.15,673.0511229950937,
rootArchives/ar_80.0_cf4_20.0_70.0kVcm_2.0bar_0.0001mm_500npe.root,ar,cf4,80.0,20.0,70000.0,0.0001,1500.123366,293.15,606.5735566082225,
rootArchives/ar_80.0_cf4_20.0_40.0kVcm_2.0bar_0.0001mm_500npe.root,ar,cf4,80.0,20.0,40000.0,0.0001,1500.123366,293.15,30.240604069264407,
rootArchives/ar_80.0_cf4_20.0_90.0kVcm_1.0bar_0.0001mm_1npe.root,ar,cf4,80.0,20.0,90000.0,0.0001,750.061683,293.15,1699.5630789430716,
rootArchives/ar_80.0_cf4_20.0_20.0kVcm_2.0bar_0.0001mm_500npe.root,ar,cf4,80.0,20.0,20000.0,0.0001,1500.123366,293.15,-81.5765335276706,
rootArchives/ar_33.0_cf4_67.0_50.7kVcm_1.000bar_0.0500mm_1npe.root,ar,cf4,33.0,67.0,50684.573098,0.05,750.061683,293.15,,
rootArchives/ar_80.0_cf4_20.0_70.0kVcm_1.0bar_0.0599mm_1000npe.root,ar,cf4,80.0,20.0,70000.0,0.059884,750.061683,293.15,,
rootArchives/ar_80.0_cf4_20.0_10.0kVcm_0.050bar_0.5700mm_50npe.root,ar,cf4,80.0,20.0,10000.0,0.57,37.50308415,293.15,,
rootArchives/ar_80.0_cf4_20.0_90.0kVcm_1.0bar_0.0402mm_1000npe.root,ar,cf4,80.0,20.0,90000.0,0.040157,750.061683,293.15,,
rootArchives/cf4_100.0_ar_0.0_55.9kVcm_1.000bar_0.0500mm_1npe.root,cf4,ar,100.0,0.0,55932.63122,0.05,750.061683,293.15,,
rootArchives/ar_80.0_cf4_20.0_40.0kVcm_1.0bar_0.1619mm_1000npe.root,ar,cf4,80.0,20.0,40000.0,0.161914,750.061683,293.15,,
rootArchives/ar_33.0_cf4_67.0_88.0kVcm_1.0bar_0.0500mm_1000npe.root,ar,cf4,33.0,67.0,88000.0,0.05,750.061683,293.15,,
rootArchives/ar_80.0_cf4_20.0_80.0kVcm_1.0bar_0.0484mm_1000npe.root,ar,cf4,80.0,20.0,80000.0,0.048374,750.061683,293.15,,
rootArchives/cf4_100.0_ar_0.0_10.0kVcm_0.025bar_0.5700mm_50npe.root,cf4,ar,100.0,0.0,10000.0,0.57,18.751542075,293.15,,
rootArchives/ar_80.0_cf4_20.0_60.0kVcm_1.000bar_0.0500mm_1npe.root,ar,cf4,80.0,20.0,60000.0,0.05,750.061683,293.15,,
rootArchives/ar_95.0_cf4_5.0_65.0kVcm_1.0bar_0.0500mm_1000npe.root,ar,cf4,95.0,5.0,65000.0,0.05,750.061683,293.15,,
rootArchives/ar_90.0_cf4_10.0_78.0kVcm_1.0bar_0.0500mm_1000npe.root,ar,cf4,90.0,10.0,78000.0,0.05,750.061683,293.15,,
rootArchives/ar_80.0_cf4_20.0_29.0kVcm_1.0bar_0.3908mm_1000npe.root,ar,cf4,80.0,20.0,29000.0,0.39084,750.061683,293.15,,
rootArchives/ar_80.0_cf4_20.0_30.0kVcm_1.0bar_0.3465mm_1000npe.root,ar,cf4,80.0,20.0,30000.0,0.346528,750.061683,293.15,,
rootArchives/ar_95.0_cf4_5.0_37.8kVcm_1.000bar_0.0500mm_1npe.root,ar,cf4,95.0,5.0,37836.998035,0.05,750.061683,293.15,,
rootArchives/ar_90.0_cf4_10.0_38.7kVcm_1.000bar_0.0500mm_1npe.root,ar,cf4,90.0,10.0,38720.003612,0.05,750.061683,293.15,,
rootArchives/ar_80.0_cf4_20.0_60.0kVcm_1.0bar_0.0770mm_1000npe.root,ar,cf4,80.0,20.0,60000.0,0.077039,750.061683,293.15,,
rootArchives/ar_80.0_cf4_20.0_50.0kVcm_1.0bar_0.1053mm_1000npe.root,ar,cf4,80.0,20.0,50000.0,0.105314,750.061683,293.15,,
rootArchives/cf4_100.0_ar_0.0_95.0kVcm_1.0bar_0.0500mm_1000npe.root,cf4,ar,100.0,0.0,95000.0,0.05,750.061683,293.15,,
rootArchives/ar_95.0_cf4_5.0_131.8kVcm_10.000bar_0.5700mm_50npe.root,ar,cf4,95.0,5.0,131751.44998,0.57,7500.61683,293.15,,
rootArchives/ar_50.0_cf4_50.0_210.4kVcm_10.000bar_0.5700mm_50npe.root,ar,cf4,50.0,50.0,210401.696217,0.57,7500.61683,293.15,,
rootArchives/ar_90.0_cf4_10.0_157.2kVcm_10.000bar_0.5700mm_50npe.root,ar,cf4,90.0,10.0,157240.663008,0.57,7500.61683,293.15,,
rootArchives/cf4_100.0_ar_0.0_337.9kVcm_10.000bar_0.5700mm_50npe.root,cf4,ar,100.0,0.0,337861.395893,0.57,7500.61683,293.15,,
rootArchives/ar_99.0_cf4_1.0_247.3kVcm_1.000bar_0.0142mm_100npe.root,ar,cf4,99.0,1.0,247272.727273,0.014165,750.061683,293.15,,
rootArchives/ar_99.0_cf4_1.0_2736.4kVcm_1.000bar_0.0008mm_100npe.root,ar,cf4,99.0,1.0,2736363.636364,0.000774,750.061683,293.15,,
rootArchives/ar_99.9_cf4_0.1_22.2kVcm_1.000bar_0.5700mm_50npe.root,ar,cf4,99.9,0.1,22239.400415,0.57,750.061683,293.15,,
rootArchives/ar_50.0_cf4_50.0_100.4kVcm_1.000bar_0.0500mm_1000npe.root,ar,cf4,50.0,50.0,100433.594354,0.05,750.061683,293.15,,
rootArchives/ar_99.0_cf4_1.0_1681.8kVcm_1.000bar_0.0014mm_100npe.root,ar,cf4,99.0,1.0,1681818.181818,0.001389,750.061683,293.15,,
rootArchives/ar_99.0_cf4_1.0_1945.5kVcm_1.000bar_0.0012mm_100npe.root,ar,cf4,99.0,1.0,1945454.545455,0.001166,750.061683,293.15,,
rootArchives/ar_95.0_cf4_5.0_252.2kVcm_10.000bar_0.0500mm_100npe.root,ar,cf4,95.0,5.0,252249.371279,0.05,7500.61683,293.15,,
rootArchives/ar_99.0_cf4_1.0_2209.1kVcm_1.000bar_0.0010mm_100npe.root,ar,cf4,99.0,1.0,2209090.909091,0.001001,750.061683,293.15,,
rootArchives/ar_80.0_cf4_20.0_28.3kVcm_1.000bar_0.5700mm_50npe.root,ar,cf4,80.0,20.0,28331.408044,0.57,750.061683,293.15,,
rootArchives/ar_99.0_cf4_1.0_300.0kVcm_1.000bar_0.0112mm_100npe.root,ar,cf4,99.0,1.0,300000.0,0.011168,750.061683,293.15,,
rootArchives/ar_90.0_cf4_10.0_266.9kVcm_10.000bar_0.0500mm_100npe.root,ar,cf4,90.0,10.0,266892.104435,0.05,7500.61683,293.15,,
rootArchives/ar_99.0_cf4_1.0_1418.2kVcm_1.000bar_0.0017mm_100npe.root,ar,cf4,99.0,1.0,1418181.818182,0.001705,750.061683,293.15,,
rootArchives/ar_99.0_cf4_1.0_141.8kVcm_1.000bar_0.0284mm_100npe.root,ar,cf4,99.0,1.0,141818.181818,0.028437,750.061683,293.15,,
rootArchives/ar_80.0_cf4_20.0_94.4kVcm_1.000bar_0.0500mm_1000npe.root,ar,cf4,80.0,20.0,94378.990183,0.05,750.061683,293.15,,
rootArchives/ar_99.0_cf4_1.0_62.7kVcm_1.000bar_0.0859mm_100npe.root,ar,cf4,99.0,1.0,62727.272727,0.085939,750.061683,293.15,,
rootArchives/ar_98.0_cf4_2.0_92.3kVcm_1.000bar_0.0500mm_1000npe.root,ar,cf4,98.0,2.0,92282.617175,0.05,750.061683,293.15,,
rootArchives/ar_50.0_cf4_50.0_33.5kVcm_1.000bar_0.5700mm_50npe.root,ar,cf4,50.0,50.0,33537.620219,0.57,750.061683,293.15,,
rootArchives/ar_80.0_cf4_20.0_293.3kVcm_10.000bar_0.0500mm_100npe.root,ar,cf4,80.0,20.0,293317.655508,0.05,7500.61683,293.15,,
rootArchives/ar_99.0_cf4_1.0_627.3kVcm_1.000bar_0.0046mm_100npe.root,ar,cf4,99.0,1.0,627272.727273,0.004556,750.061683,293.15,,
rootArchives/ar_95.0_cf4_5.0_93.0kVcm_1.000bar_0.0500mm_1000npe.root,ar,cf4,95.0,5.0,93035.565844,0.05,750.061683,293.15,,
rootArchives/ar_50.0_cf4_50.0_347.9kVcm_10.000bar_0.0500mm_100npe.root,ar,cf4,50.0,50.0,347919.598467,0.05,7500.61683,293.15,,
rootArchives/cf4_100.0_ar_0.0_109.9kVcm_1.000bar_0.0500mm_1000npe.root,cf4,ar,100.0,0.0,109865.950605,0.05,750.061683,293.15,,
rootArchives/ar_90.0_cf4_10.0_94.0kVcm_1.000bar_0.0500mm_1000npe.root,ar,cf4,90.0,10.0,93998.32247,0.05,750.061683,293.15,,
rootArchives/ar_99.0_cf4_1.0_36.4kVcm_1.000bar_0.2079mm_100npe.root,ar,cf4,99.0,1.0,36363.636364,0.207925,750.061683,293.15,,
rootArchives/ar_99.0_cf4_1.0_220.9kVcm_1.000bar_0.0163mm_100npe.root,ar,cf4,99.0,1.0,220909.090909,0.016286,750.061683,293.15,,
rootArchives/ar_99.0_cf4_1.0_237.8kVcm_10.000bar_0.0500mm_100npe.root,ar,cf4,99.0,1.0,237779.887745,0.05,7500.61683,293.15,,
rootArchives/ar_99.0_cf4_1.0_1154.5kVcm_1.000bar_0.0022mm_100npe.root,ar,cf4,99.0,1.0,1154545.454545,0.002184,750.061683,293.15,,
rootArchives/ar_99.0_cf4_1.0_115.5kVcm_1.000bar_0.0371mm_100npe.root,ar,cf4,99.0,1.0,115454.545455,0.037098,750.061683,293.15,,
rootArchives/ar_99.5_cf4_0.5_23.0kVcm_1.000bar_0.5700mm_50npe.root,ar,cf4,99.5,0.5,23011.120252,0.57,750.061683,293.15,,
rootArchives/ar_99.5_cf4_0.5_242.7kVcm_10.000bar_0.0500mm_100npe.root,ar,cf4,99.5,0.5,242662.381079,0.05,7500.61683,293.15,,
rootArchives/ar_99.0_cf4_1.0_890.9kVcm_1.000bar_0.0030mm_100npe.root,ar,cf4,99.0,1.0,890909.090909,0.002984,750.061683,293.15,,
rootArchives/ar_99.0_cf4_1.0_92.2kVcm_1.000bar_0.0500mm_1000npe.root,ar,cf4,99.0,1.0,92221.803335,0.05,750.061683,293.15,,
rootArchives/ar_99.0_cf4_1.0_2472.7kVcm_1.000bar_0.0009mm_100npe.root,ar,cf4,99.0,1.0,2472727.272727,0.000874,750.061683,293.15,,
rootArchives/ar_99.0_cf4_1.0_3000.0kVcm_1.000bar_0.0007mm_100npe.root,ar,cf4,99.0,1.0,3000000.0,0.000693,750.061683,293.15,,
rootArchives/ar_99.0_cf4_1.0_168.2kVcm_1.000bar_0.0229mm_100npe.root,ar,cf4,99.0,1.0,168181.818182,0.022902,750.061683,293.15,,
rootArchives/ar_98.0_cf4_2.0_24.1kVcm_1.000bar_0.5700mm_50npe.root,ar,cf4,98.0,2.0,24055.660871,0.57,750.061683,293.15,,
rootArchives/ar_90.0_cf4_10.0_25.6kVcm_1.000bar_0.5700mm_50npe.root,ar,cf4,90.0,10.0,25577.733711,0.57,750.061683,293.15,,
rootArchives/cf4_100.0_ar_0.0_43.6kVcm_1.000bar_0.5700mm_50npe.root,cf4,ar,100.0,0.0,43619.975938,0.57,750.061683,293.15,,
rootArchives/ar_99.0_cf4_1.0_273.6kVcm_1.000bar_0.0125mm_100npe.root,ar,cf4,99.0,1.0,273636.363636,0.012503,750.061683,293.15,,
rootArchives/ar_98.0_cf4_2.0_252.1kVcm_10.000bar_0.0500mm_100npe.root,ar,cf4,98.0,2.0,252096.940229,0.05,7500.61683,293.15,,
rootArchives/ar_99.0_cf4_1.0_22.5kVcm_1.000bar_0.5700mm_50npe.root,ar,cf4,99.0,1.0,22525.830317,0.57,750.061683,293.15,,
rootArchives/cf4_100.0_ar_0.0_446.5kVcm_10.000bar_0.0500mm_100npe.root,cf4,ar,100.0,0.0,446453.891742,0.05,7500.61683,293.15,,
rootArchives/ar_99.5_cf4_0.5_92.1kVcm_1.000bar_0.0500mm_1000npe.root,ar,cf4,99.5,0.5,92067.620402,0.05,750.061683,293.15,,
rootArchives/ar_99.9_cf4_0.1_92.1kVcm_1.000bar_0.0500mm_1000npe.root,ar,cf4,99.9,0.1,92093.253066,0.05,750.061683,293.15,,
rootArchives/ar_95.0_cf4_5.0_24.0kVcm_1.000bar_0.5700mm_50npe.root,ar,cf4,95.0,5.0,24030.952703,0.57,750.061683,293.15,,
rootArchives/ar_99.0_cf4_1.0_100.0kVcm_1.000bar_0.0448mm_100npe.root,ar,cf4,99.0,1.0,100000.0,0.04485,750.061683,293.15,,
rootArchives/ar_99.9_cf4_0.1_235.0kVcm_10.000bar_0.0500mm_100npe.root,ar,cf4,99.9,0.1,235039.957381,0.05,7500.61683,293.15,,
rootArchives/ar_99.0_cf4_1.0_89.1kVcm_1.000bar_0.0524mm_100npe.root,ar,cf4,99.0,1.0,89090.909091,0.052396,750.061683,293.15,,
rootArchives/ar_99.0_cf4_1.0_194.5kVcm_1.000bar_0.0191mm_100npe.root,ar,cf4,99.0,1.0,194545.454545,0.019077,750.061683,293.15,,
rootArchives/ar_99.0_cf4_1.0_363.6kVcm_1.000bar_0.0088mm_100npe.root,ar,cf4,99.0,1.0,363636.363636,0.008828,750.061683,293.15,,
rootArchives/ar_50.0_cf4_50.0_50.0kVcm_1.000bar_0.0500mm_1npe.root,ar,cf4,50.0,50.0,50000.0,0.05,750.061683,293.15,523.6976063576839,
rootArchives/ar_80.0_cf4_20.0_87.0kVcm_1.000bar_0.0500mm_1npe.root,ar,cf4,80.0,20.0,87000.0,0.05,750.061683,293.15,1626.9315219155924,
rootArchives/ar_98.0_cf4_2.0_50.0kVcm_1.000bar_0.0500mm_1npe.root,ar,cf4,98.0,2.0,50000.0,0.05,750.061683,293.15,764.9825225109536,
rootArchives/ar_99.9_cf4_0.1_87.0kVcm_1.000bar_0.0500mm_1npe.root,ar,cf4,99.9,0.1,87000.0,0.05,750.061683,293.15,1713.2460664724438,
rootArchives/ar_99.5_cf4_0.5_75.0kVcm_1.000bar_0.0500mm_1npe.root,ar,cf4,99.5,0.5,75000.0,0.05,750.061683,293.15,1405.4803376537943,
rootArchives/ar_80.0_cf4_20.0_75.0kVcm_1.000bar_0.0500mm_1npe.root,ar,cf4,80.0,20.0,75000.0,0.05,750.061683,293.15,1311.521711098433,
rootArchives/ar_95.0_cf4_5.0_87.0kVcm_1.000bar_0.0500mm_1npe.root,ar,cf4,95.0,5.0,87000.0,0.05,750.061683,293.15,1693.345937457896,
rootArchives/ar_99.0_cf4_1.0_100.0kVcm_1.000bar_0.0500mm_1npe.root,ar,cf4,99.0,1.0,100000.0,0.05,750.061683,293.15,2039.3637329348119,
rootArchives/ar_98.0_cf4_2.0_1.0kVcm_1.000bar_0.0500mm_1npe.root,ar,cf4,98.0,2.0,1000.0,0.05,750.061683,293.15,-0.5134015600642263,
rootArchives/ar_95.0_cf4_5.0_0.1kVcm_1.000bar_0.0500mm_1npe.root,ar,cf4,95.0,5.0,100.0,0.05,750.061683,293.15,0.0,
rootArchives/ar_99.5_cf4_0.5_10.0kVcm_1.000bar_0.0500mm_1npe.root,ar,cf4,99.5,0.5,10000.0,0.05,750.061683,293.15,9.586877528114579,
rootArchives/ar_99.0_cf4_1.0_886.4kVcm_10.000bar_0.0000mm_1npe.root,ar,cf4,99.0,1.0,886363.636364,0.0,7500.61683,293.15,17580.23752586078,
rootArchives/ar_50.0_cf4_50.0_87.0kVcm_1.000bar_0.0500mm_1npe.root,ar,cf4,50.0,50.0,87000.0,0.05,750.061683,293.15,1492.775191767647,
rootArchives/ar_99.0_cf4_1.0_87.0kVcm_1.000bar_0.0500mm_1npe.root,ar,cf4,99.0,1.0,87000.0,0.05,750.061683,293.15,1709.6929627458999,
rootArchives/ar_98.0_cf4_2.0_100.0kVcm_1.000bar_0.0500mm_1npe.root,ar,cf4,98.0,2.0,100000.0,0.05,750.061683,293.15,2040.9551217856354,
rootArchives/cf4_100.0_ar_0.0_10.0kVcm_1.000bar_0.0500mm_1npe.root,cf4,ar,100.0,0.0,10000.0,0.05,750.061683,293.15,-14.379212332729477,
rootArchives/ar_99.9_cf4_0.1_100.0kVcm_1.000bar_0.0500mm_1npe.root,ar,cf4,99.9,0.1,100000.0,0.05,750.061683,293.15,2044.0935837032132,
rootArchives/ar_80.0_cf4_20.0_0.1kVcm_1.000bar_0.0500mm_1npe.root,ar,cf4,80.0,20.0,100.0,0.05,750.061683,293.15,0.0,
rootArchives/ar_99.0_cf4_1.0_572.7kVcm_10.000bar_0.0000mm_1npe.root,ar,cf4,99.0,1.0,572727.272727,0.0,7500.61683,293.15,9504.484218227928,
rootArchives/ar_90.0_cf4_10.0_0.1kVcm_1.000bar_0.0500mm_1npe.root,ar,cf4,90.0,10.0,100.0,0.05,750.061683,293.15,0.0,
rootArchives/ar_90.0_cf4_10.0_1.0kVcm_1.000bar_0.0500mm_1npe.root,ar,cf4,90.0,10.0,1000.0,0.05,750.061683,293.15,0.0,
rootArchives/ar_50.0_cf4_50.0_10.0kVcm_1.000bar_0.0500mm_1npe.root,ar,cf4,50.0,50.0,10000.0,0.05,750.061683,293.15,-32.37779654491823,
rootArchives/cf4_100.0_ar_0.0_1.0kVcm_1.000bar_0.0500mm_1npe.root,cf4,ar,100.0,0.0,1000.0,0.05,750.061683,293.15,0.0,
rootArchives/ar_99.0_cf4_1.0_990.9kVcm_10.000bar_0.0000mm_1npe.root,ar,cf4,99.0,1.0,990909.090909,0.0,7500.61683,293.15,20148.701718499466,
rootArchives/ar_98.0_cf4_2.0_87.0kVcm_1.000bar_0.0500mm_1npe.root,ar,cf4,98.0,2.0,87000.0,0.05,750.061683,293.15,1707.5482185954054,
rootArchives/ar_99.0_cf4_1.0_781.8kVcm_10.000bar_0.0000mm_1npe.root,ar,cf4,99.0,1.0,781818.181818,0.0,7500.61683,293.15,14838.838462741736,
rootArchives/ar_95.0_cf4_5.0_1.0kVcm_1.000bar_0.0500mm_1npe.root,ar,cf4,95.0,5.0,1000.0,0.05,750.061683,293.15,-0.03360894517513052,
rootArchives/ar_99.0_cf4_1.0_259.1kVcm_10.000bar_0.0000mm_1npe.root,ar,cf4,99.0,1.0,259090.909091,0.0,7500.61683,293.15,2206.553645716975,
rootArchives/ar_99.0_cf4_1.0_1200.0kVcm_10.000bar_0.0000mm_1npe.root,ar,cf4,99.0,1.0,1200000.0,0.0,7500.61683,293.15,25309.562623973896,
rootArchives/ar_95.0_cf4_5.0_75.0kVcm_1.000bar_0.0500mm_1npe.root,ar,cf4,95.0,5.0,75000.0,0.05,750.061683,293.15,1382.9081197124628,
rootArchives/ar_95.0_cf4_5.0_100.0kVcm_1.000bar_0.0500mm_1npe.root,ar,cf4,95.0,5.0,100000.0,0.05,750.061683,293.15,2021.444491626677,
rootArchives/ar_99.0_cf4_1.0_363.6kVcm_10.000bar_0.0000mm_1npe.root,ar,cf4,99.0,1.0,363636.363636,0.0,7500.61683,293.15,4406.1760587580975,
rootArchives/ar_99.9_cf4_0.1_75.0kVcm_1.000bar_0.0500mm_1npe.root,ar,cf4,99.9,0.1,75000.0,0.05,750.061683,293.15,1403.5416868377424,
rootArchives/ar_99.9_cf4_0.1_10.0kVcm_1.000bar_0.0500mm_1npe.root,ar,cf4,99.9,0.1,10000.0,0.05,750.061683,293.15,12.26334712154659,
rootArchives/ar_80.0_cf4_20.0_1.0kVcm_1.000bar_0.0500mm_1npe.root,ar,cf4,80.0,20.0,1000.0,0.05,750.061683,293.15,0.0,
rootArchives/ar_99.0_cf4_1.0_1.0kVcm_1.000bar_0.0500mm_1npe.root,ar,cf4,99.0,1.0,1000.0,0.05,750.061683,293.15,-1.3775403045013401,
rootArchives/ar_99.5_cf4_0.5_0.1kVcm_1.000bar_0.0500mm_1npe.root,ar,cf4,99.5,0.5,100.0,0.05,750.061683,293.15,0.0,
rootArchives/ar_99.5_cf4_0.5_87.0kVcm_1.000bar_0.0500mm_1npe.root,ar,cf4,99.5,0.5,87000.0,0.05,750.061683,293.15,1718.2266411802439,
rootArchives/ar_95.0_cf4_5.0_50.0kVcm_1.000bar_0.0500mm_1npe.root,ar,cf4,95.0,5.0,50000.0,0.05,750.061683,293.15,749.2112905876762,
rootArchives/ar_99.0_cf4_1.0_50.0kVcm_1.000bar_0.0500mm_1npe.root,ar,cf4,99.0,1.0,50000.0,0.05,750.061683,293.15,768.1657216948774,
rootArchives/ar_99.0_cf4_1.0_1095.5kVcm_10.000bar_0.0000mm_1npe.root,ar,cf4,99.0,1.0,1095454.545455,0.0,7500.61683,293.15,22810.555344200922,
rootArchives/ar_90.0_cf4_10.0_10.0kVcm_1.000bar_0.0500mm_1npe.root,ar,cf4,90.0,10.0,10000.0,0.05,750.061683,293.15,-35.15467146198763,
rootArchives/ar_99.9_cf4_0.1_0.1kVcm_1.000bar_0.0500mm_1npe.root,ar,cf4,99.9,0.1,100.0,0.05,750.061683,293.15,0.0,
rootArchives/cf4_100.0_ar_0.0_0.1kVcm_1.000bar_0.0500mm_1npe.root,cf4,ar,100.0,0.0,100.0,0.05,750.061683,293.15,0.0,
rootArchives/ar_99.0_cf4_1.0_0.1kVcm_1.000bar_0.0500mm_1npe.root,ar,cf4,99.0,1.0,100.0,0.05,750.061683,293.15,0.0,
rootArchives/ar_90.0_cf4_10.0_50.0kVcm_1.000bar_0.0500mm_1npe.root,ar,cf4,90.0,10.0,50000.0,0.05,750.061683,293.15,718.3783472286983,
rootArchives/ar_90.0_cf4_10.0_100.0kVcm_1.000bar_0.0500mm_1npe.root,ar,cf4,90.0,10.0,100000.0,0.05,750.061683,293.15,2001.9289127521106,
rootArchives/cf4_100.0_ar_0.0_50.0kVcm_1.000bar_0.0500mm_1npe.root,cf4,ar,100.0,0.0,50000.0,0.05,750.061683,293.15,315.1247564848085,
rootArchives/ar_98.0_cf4_2.0_10.0kVcm_1.000bar_0.0500mm_1npe.root,ar,cf4,98.0,2.0,10000.0,0.05,750.061683,293.15,1.911865715415792,
rootArchives/ar_50.0_cf4_50.0_0.1kVcm_1.000bar_0.0500mm_1npe.root,ar,cf4,50.0,50.0,100.0,0.05,750.061683,293.15,0.0,
rootArchives/ar_98.0_cf4_2.0_0.1kVcm_1.000bar_0.0500mm_1npe.root,ar,cf4,98.0,2.0,100.0,0.05,750.061683,293.15,0.0,
rootArchives/ar_99.0_cf4_1.0_677.3kVcm_10.000bar_0.0000mm_1npe.root,ar,cf4,99.0,1.0,677272.727273,0.0,7500.61683,293.15,12152.788185379588,
rootArchives/ar_99.0_cf4_1.0_154.5kVcm_10.000bar_0.0000mm_1npe.root,ar,cf4,99.0,1.0,154545.454545,0.0,7500.61683,293.15,538.183365939658,
rootArchives/cf4_100.0_ar_0.0_87.0kVcm_1.000bar_0.0500mm_1npe.root,cf4,ar,100.0,0.0,87000.0,0.05,750.061683,293.15,1256.0395703732856,
rootArchives/ar_50.0_cf4_50.0_1.0kVcm_1.000bar_0.0500mm_1npe.root,ar,cf4,50.0,50.0,1000.0,0.05,750.061683,293.15,0.0,
rootArchives/ar_90.0_cf4_10.0_75.0kVcm_1.000bar_0.0500mm_1npe.root,ar,cf4,90.0,10.0,75000.0,0.05,750.061683,293.15,1357.1347376548808,
rootArchives/ar_80.0_cf4_20.0_50.0kVcm_1.000bar_0.0500mm_1npe.root,ar,cf4,80.0,20.0,50000.0,0.05,750.061683,293.15,673.0511229950937,
rootArchives/ar_50.0_cf4_50.0_75.0kVcm_1.000bar_0.0500mm_1npe.root,ar,cf4,50.0,50.0,75000.0,0.05,750.061683,293.15,1176.294531946062,
rootArchives/ar_99.0_cf4_1.0_10.0kVcm_1.000bar_0.0500mm_1npe.root,ar,cf4,99.0,1.0,10000.0,0.05,750.061683,293.15,7.75967113337852,
rootArchives/ar_99.5_cf4_0.5_100.0kVcm_1.000bar_0.0500mm_1npe.root,ar,cf4,99.5,0.5,100000.0,0.05,750.061683,293.15,2039.5263447279342,
rootArchives/ar_99.5_cf4_0.5_1.0kVcm_1.000bar_0.0500mm_1npe.root,ar,cf4,99.5,0.5,1000.0,0.05,750.061683,293.15,-2.361438158540171,
rootArchives/ar_99.9_cf4_0.1_1.0kVcm_1.000bar_0.0500mm_1npe.root,ar,cf4,99.9,0.1,1000.0,0.05,750.061683,293.15,-1.6433597639689883,
rootArchives/ar_99.0_cf4_1.0_50.0kVcm_10.000bar_0.0000mm_1npe.root,ar,cf4,99.0,1.0,50000.0,0.0,7500.61683,293.15,-73.1961449730477,
rootArchives/ar_99.0_cf4_1.0_468.2kVcm_10.000bar_0.0000mm_1npe.root,ar,cf4,99.0,1.0,468181.818182,0.0,7500.61683,293.15,6867.142946714722,
rootArchives/ar_98.0_cf4_2.0_75.0kVcm_1.000bar_0.0500mm_1npe.root,ar,cf4,98.0,2.0,75000.0,0.05,750.061683,293.15,1396.8213833912746,
rootArchives/cf4_100.0_ar_0.0_100.0kVcm_1.000bar_0.0500mm_1npe.root,cf4,ar,100.0,0.0,100000.0,0.05,750.061683,293.15,1591.4242028999615,
rootArchives/ar_90.0_cf4_10.0_87.0kVcm_1.000bar_0.0500mm_1npe.root,ar,cf4,90.0,10.0,87000.0,0.05,750.061683,293.15,1671.7664214436227,
rootArchives/ar_80.0_cf4_20.0_100.0kVcm_1.000bar_0.0500mm_1npe.root,ar,cf4,80.0,20.0,100000.0,0.05,750.061683,293.15,1960.4448827015729,
rootArchives/ar_99.5_cf4_0.5_50.0kVcm_1.000bar_0.0500mm_1npe.root,ar,cf4,99.5,0.5,50000.0,0.05,750.061683,293.15,771.2294868560737,
rootArchives/cf4_100.0_ar_0.0_75.0kVcm_1.000bar_0.0500mm_1npe.root,cf4,ar,100.0,0.0,75000.0,0.05,750.061683,293.15,949.5336165990904,
rootArchives/ar_99.9_cf4_0.1_50.0kVcm_1.000bar_0.0500mm_1npe.root,ar,cf4,99.9,0.1,50000.0,0.05,750.061683,293.15,776.1826255991912,
rootArchives/ar_99.0_cf4_1.0_75.0kVcm_1.000bar_0.0500mm_1npe.root,ar,cf4,99.0,1.0,75000.0,0.05,750.061683,293.15,1403.1790863352148,
rootArchives/ar_80.0_cf4_20.0_10.0kVcm_1.000bar_0.0500mm_1npe.root,ar,cf4,80.0,20.0,10000.0,0.05,750.061683,293.15,-40.788266763835296,
rootArchives/ar_95.0_cf4_5.0_10.0kVcm_1.000bar_0.0500mm_1npe.root,ar,cf4,95.0,5.0,10000.0,0.05,750.061683,293.15,-15.034964120050832,
rootArchives/ar_50.0_cf4_50.0_100.0kVcm_1.000bar_0.0500mm_1npe.root,ar,cf4,50.0,50.0,100000.0,0.05,750.061683,293.15,1830.8921670712168,
