file,sourceFiles,nRuns,gas1,gas2,composition1,composition2,electricField,gap,pressure,pressureBar,temperature,npe,neTotal,niTotal,neMean,niMean,gainSim,alphaEff,alphaFromNe,alphaFromNi,vz,validForAlpha,alphaSource
rootBackup/ar_99.0_cf4_1.0_0.1kVcm_0.050bar_0.5700mm_50npe.root,rootBackup/ar_99.0_cf4_1.0_0.1kVcm_0.050bar_0.5700mm_50npe.root,1,ar,cf4,99.0,1.0,100.0,0.57,37.50308415,0.05,293.15,50,50.0,0.0,1.0,0.0,1.0,,,,,False,simulation_npe_weighted
rootBackup/ar_99.0_cf4_1.0_0.4kVcm_0.050bar_0.5700mm_50npe.root,rootBackup/ar_99.0_cf4_1.0_0.4kVcm_0.050bar_0.5700mm_50npe.root,1,ar,cf4,99.0,1.0,355.556884,0.57,37.50308415,0.05,293.15,50,49.0,0.0,0.98,0.0,0.98,,,,,False,simulation_npe_weighted
rootBackup/ar_99.0_cf4_1.0_0.5kVcm_0.050bar_0.5700mm_50npe.root,rootBackup/ar_99.0_cf4_1.0_0.5kVcm_0.050bar_0.5700mm_50npe.root,1,ar,cf4,99.0,1.0,542.682047,0.57,37.50308415,0.05,293.15,50,50.0,1.0,1.0,0.02,1.0,,,,,False,simulation_npe_weighted
rootBackup/ar_99.0_cf4_1.0_0.8kVcm_0.050bar_0.5700mm_50npe.root,rootBackup/ar_99.0_cf4_1.0_0.8kVcm_0.050bar_0.5700mm_50npe.root,1,ar,cf4,99.0,1.0,828.288856,0.57,37.50308415,0.05,293.15,50,59.0,9.0,1.18,0.18,1.18,2.9037620785539184,2.9037620785539184,3.1578947368421053,,True,simulation_npe_weighted
rootBackup/ar_99.0_cf4_1.0_1.0kVcm_0.050bar_0.5700mm_50npe.root,rootBackup/ar_99.0_cf4_1.0_1.0kVcm_0.050bar_0.5700mm_50npe.root,1,ar,cf4,99.0,1.0,1000.0,0.57,37.50308415,0.05,293.15,50,72.0,23.0,1.44,0.46,1.44,6.397247606805426,6.397247606805426,8.070175438596491,,True,simulation_npe_weighted
rootBackup/ar_99.0_cf4_1.0_1.2kVcm_0.050bar_0.5700mm_50npe.root,rootBackup/ar_99.0_cf4_1.0_1.2kVcm_0.050bar_0.5700mm_50npe.root,1,ar,cf4,99.0,1.0,1245.817839,0.57,37.50308415,0.05,293.15,50,85.0,35.0,1.7,0.7,1.7,9.309267562494218,9.309267562494218,12.280701754385966,,True,simulation_npe_weighted
rootBackup/ar_99.0_cf4_1.0_1.3kVcm_0.050bar_0.5700mm_50npe.root,rootBackup/ar_99.0_cf4_1.0_1.3kVcm_0.050bar_0.5700mm_50npe.root,1,ar,cf4,99.0,1.0,1264.206974,0.57,37.50308415,0.05,293.15,50,91.0,41.0,1.82,0.82,1.82,10.505903527872,10.505903527872,14.385964912280702,,True,simulation_npe_weighted
rootBackup/ar_99.0_cf4_1.0_1.6kVcm_0.050bar_0.5700mm_50npe.root,rootBackup/ar_99.0_cf4_1.0_1.6kVcm_0.050bar_0.5700mm_50npe.root,1,ar,cf4,99.0,1.0,1552.062089,0.57,37.50308415,0.05,293.15,50,131.0,81.0,2.62,1.62,2.62,16.897795048649222,16.897795048649222,28.421052631578952,,True,simulation_npe_weighted
rootBackup/ar_99.0_cf4_1.0_1.9kVcm_0.050bar_0.5700mm_50npe.root,rootBackup/ar_99.0_cf4_1.0_1.9kVcm_0.050bar_0.5700mm_50npe.root,1,ar,cf4,99.0,1.0,1929.543374,0.57,37.50308415,0.05,293.15,50,206.0,158.0,4.12,3.16,4.12,24.839529181779564,24.839529181779564,55.43859649122808,,True,simulation_npe_weighted
rootBackup/ar_99.0_cf4_1.0_2.4kVcm_0.050bar_0.5700mm_50npe.root,rootBackup/ar_99.0_cf4_1.0_2.4kVcm_0.050bar_0.5700mm_50npe.root,1,ar,cf4,99.0,1.0,2408.896729,0.57,37.50308415,0.05,293.15,50,372.0,323.0,7.44,6.46,7.44,35.208260506052646,35.208260506052646,113.33333333333334,,True,simulation_npe_weighted
rootBackup/ar_99.0_cf4_1.0_2.9kVcm_0.050bar_0.5700mm_50npe.root,rootBackup/ar_99.0_cf4_1.0_2.9kVcm_0.050bar_0.5700mm_50npe.root,1,ar,cf4,99.0,1.0,2945.038042,0.57,37.50308415,0.05,293.15,50,789.0,739.0,15.78,14.78,15.78,48.39900553364436,48.39900553364436,259.2982456140351,,True,simulation_npe_weighted
rootBackup/ar_99.0_cf4_1.0_3.0kVcm_0.050bar_0.5700mm_50npe.root,rootBackup/ar_99.0_cf4_1.0_3.0kVcm_0.050bar_0.5700mm_50npe.root,1,ar,cf4,99.0,1.0,3001.046518,0.57,37.50308415,0.05,293.15,50,911.0,861.0,18.22,17.22,18.22,50.92140161108443,50.92140161108443,302.10526315789474,,True,simulation_npe_weighted
rootBackup/ar_99.0_cf4_1.0_3.7kVcm_0.050bar_0.5700mm_50npe.root,rootBackup/ar_99.0_cf4_1.0_3.7kVcm_0.050bar_0.5700mm_50npe.root,1,ar,cf4,99.0,1.0,3738.757289,0.57,37.50308415,0.05,293.15,50,2741.0,2691.0,54.82,53.82,54.82,70.24658054166035,70.24658054166035,944.2105263157896,,True,simulation_npe_weighted
rootBackup/ar_99.0_cf4_1.0_4.5kVcm_0.050bar_0.5700mm_50npe.root,rootBackup/ar_99.0_cf4_1.0_4.5kVcm_0.050bar_0.5700mm_50npe.root,1,ar,cf4,99.0,1.0,4494.974918,0.57,37.50308415,0.05,293.15,50,8369.0,8320.0,167.38,166.4,167.38,89.82923994043382,89.82923994043382,2919.298245614036,,True,simulation_npe_weighted
rootBackup/ar_99.0_cf4_1.0_4.7kVcm_0.050bar_0.5700mm_50npe.root,rootBackup/ar_99.0_cf4_1.0_4.7kVcm_0.050bar_0.5700mm_50npe.root,1,ar,cf4,99.0,1.0,4657.810528,0.57,37.50308415,0.05,293.15,50,8685.0,8638.0,173.7,172.76,173.7,90.4794679517028,90.4794679517028,3030.877192982456,,True,simulation_npe_weighted
rootBackup/ar_99.0_cf4_1.0_5.8kVcm_0.050bar_0.5700mm_50npe.root,rootBackup/ar_99.0_cf4_1.0_5.8kVcm_0.050bar_0.5700mm_50npe.root,1,ar,cf4,99.0,1.0,5802.783449,0.57,37.50308415,0.05,293.15,50,52887.0,52826.0,1057.74,1056.52,1057.74,122.17350588641592,122.17350588641592,18535.43859649123,,True,simulation_npe_weighted
rootBackup/ar_99.0_cf4_1.0_6.9kVcm_0.050bar_0.5700mm_50npe.root,rootBackup/ar_99.0_cf4_1.0_6.9kVcm_0.050bar_0.5700mm_50npe.root,1,ar,cf4,99.0,1.0,6860.624286,0.57,37.50308415,0.05,293.15,50,191595.0,191496.0,3831.9,3829.92,3831.9,144.75642180204986,144.75642180204986,67191.57894736843,,True,simulation_npe_weighted
rootBackup/ar_99.0_cf4_1.0_7.2kVcm_0.050bar_0.5700mm_50npe.root,rootBackup/ar_99.0_cf4_1.0_7.2kVcm_0.050bar_0.5700mm_50npe.root,1,ar,cf4,99.0,1.0,7229.211139,0.57,37.50308415,0.05,293.15,50,321438.0,321259.0,6428.76,6425.18,6428.76,153.83398162456604,153.83398162456604,112722.45614035089,,True,simulation_npe_weighted
rootBackup/ar_99.0_cf4_1.0_9.0kVcm_0.050bar_0.5700mm_50npe.root,rootBackup/ar_99.0_cf4_1.0_9.0kVcm_0.050bar_0.5700mm_50npe.root,1,ar,cf4,99.0,1.0,9006.280202,0.57,37.50308415,0.05,293.15,50,2836195.0,2832359.0,56723.9,56647.18,56723.9,192.0342266255696,192.0342266255696,993810.1754385966,,True,simulation_npe_weighted
rootBackup/ar_99.0_cf4_1.0_10.5kVcm_0.050bar_0.5700mm_50npe.root,rootBackup/ar_99.0_cf4_1.0_10.5kVcm_0.050bar_0.5700mm_50npe.root,1,ar,cf4,99.0,1.0,10471.285481,0.57,37.50308415,0.05,293.15,50,15277676.0,15241996.0,305553.52,304839.92,305553.52,221.5768461485292,221.5768461485292,5348068.771929825,,True,simulation_npe_weighted
rootBackup/ar_99.0_cf4_1.0_11.2kVcm_0.050bar_0.5700mm_50npe.root,rootBackup/ar_99.0_cf4_1.0_11.2kVcm_0.050bar_0.5700mm_50npe.root,1,ar,cf4,99.0,1.0,11220.184543,0.57,37.50308415,0.05,293.15,50,35095289.0,34991449.0,701905.78,699828.98,701905.78,236.1676220609805,236.1676220609805,12277701.403508771,,True,simulation_npe_weighted
rootBackup/ar_99.0_cf4_1.0_10.0kVcm_1.000bar_0.0500mm_50npe.root,rootBackup/ar_99.0_cf4_1.0_10.0kVcm_1.000bar_0.0500mm_50npe.root,1,ar,cf4,99.0,1.0,10000.0,0.05,750.061683,1.0,293.15,50,53.0,4.0,1.06,0.08,1.06,11.653781624795162,11.653781624795162,15.999999999999996,,True,simulation_npe_weighted
rootBackup/ar_99.0_cf4_1.0_12.3kVcm_1.000bar_0.0500mm_50npe.root,rootBackup/ar_99.0_cf4_1.0_12.3kVcm_1.000bar_0.0500mm_50npe.root,1,ar,cf4,99.0,1.0,12328.467394,0.05,750.061683,1.0,293.15,50,52.0,3.0,1.04,0.06,1.04,7.844142630656265,7.844142630656265,11.999999999999996,,True,simulation_npe_weighted
rootBackup/ar_99.0_cf4_1.0_15.2kVcm_1.000bar_0.0500mm_50npe.root,rootBackup/ar_99.0_cf4_1.0_15.2kVcm_1.000bar_0.0500mm_50npe.root,1,ar,cf4,99.0,1.0,15199.11083,0.05,750.061683,1.0,293.15,50,62.0,13.0,1.24,0.26,1.24,43.02227592338909,43.02227592338909,51.99999999999999,,True,simulation_npe_weighted
rootBackup/ar_99.0_cf4_1.0_18.7kVcm_1.000bar_0.0500mm_50npe.root,rootBackup/ar_99.0_cf4_1.0_18.7kVcm_1.000bar_0.0500mm_50npe.root,1,ar,cf4,99.0,1.0,18738.174229,0.05,750.061683,1.0,293.15,50,83.0,33.0,1.66,0.66,1.66,101.36352047369036,101.36352047369036,131.99999999999997,,True,simulation_npe_weighted
rootBackup/ar_99.0_cf4_1.0_23.1kVcm_1.000bar_0.0500mm_50npe.root,rootBackup/ar_99.0_cf4_1.0_23.1kVcm_1.000bar_0.0500mm_50npe.root,1,ar,cf4,99.0,1.0,23101.297001,0.05,750.061683,1.0,293.15,50,129.0,80.0,2.58,1.6,2.58,189.5578797867052,189.5578797867052,319.99999999999994,,True,simulation_npe_weighted
rootBackup/ar_99.0_cf4_1.0_28.5kVcm_1.000bar_0.0500mm_50npe.root,rootBackup/ar_99.0_cf4_1.0_28.5kVcm_1.000bar_0.0500mm_50npe.root,1,ar,cf4,99.0,1.0,28480.358684,0.05,750.061683,1.0,293.15,50,154.0,106.0,3.08,2.12,3.08,224.98591939709647,224.98591939709647,424.0,,True,simulation_npe_weighted
rootBackup/ar_99.0_cf4_1.0_31.6kVcm_1.000bar_0.0500mm_50npe.root,rootBackup/ar_99.0_cf4_1.0_31.6kVcm_1.000bar_0.0500mm_50npe.root,1,ar,cf4,99.0,1.0,31622.776602,0.05,750.061683,1.0,293.15,50,259.0,209.0,5.18,4.18,5.18,328.9610112542783,328.9610112542783,835.9999999999998,,True,simulation_npe_weighted
rootBackup/ar_99.0_cf4_1.0_35.1kVcm_1.000bar_0.0500mm_50npe.root,rootBackup/ar_99.0_cf4_1.0_35.1kVcm_1.000bar_0.0500mm_50npe.root,1,ar,cf4,99.0,1.0,35111.917342,0.05,750.061683,1.0,293.15,50,372.0,324.0,7.44,6.48,7.44,401.3741697690001,401.3741697690001,1295.9999999999998,,True,simulation_npe_weighted
rootBackup/ar_99.0_cf4_1.0_35.9kVcm_1.000bar_0.0500mm_50npe.root,rootBackup/ar_99.0_cf4_1.0_35.9kVcm_1.000bar_0.0500mm_50npe.root,1,ar,cf4,99.0,1.0,35854.647285,0.05,750.061683,1.0,293.15,50,398.0,348.0,7.96,6.96,7.96,414.8857999712583,414.8857999712583,1391.9999999999998,,True,simulation_npe_weighted
rootBackup/ar_99.0_cf4_1.0_40.7kVcm_1.000bar_0.0500mm_50npe.root,rootBackup/ar_99.0_cf4_1.0_40.7kVcm_1.000bar_0.0500mm_50npe.root,1,ar,cf4,99.0,1.0,40652.841719,0.05,750.061683,1.0,293.15,50,859.0,811.0,17.18,16.22,17.18,568.7491833112218,568.7491833112218,3243.999999999999,,True,simulation_npe_weighted
rootBackup/ar_99.0_cf4_1.0_43.3kVcm_1.000bar_0.0500mm_50npe.root,rootBackup/ar_99.0_cf4_1.0_43.3kVcm_1.000bar_0.0500mm_50npe.root,1,ar,cf4,99.0,1.0,43287.612811,0.05,750.061683,1.0,293.15,50,967.0,918.0,19.34,18.36,19.34,592.4350980050295,592.4350980050295,3671.999999999999,,True,simulation_npe_weighted
rootBackup/ar_99.0_cf4_1.0_46.1kVcm_1.000bar_0.0500mm_50npe.root,rootBackup/ar_99.0_cf4_1.0_46.1kVcm_1.000bar_0.0500mm_50npe.root,1,ar,cf4,99.0,1.0,46093.147333,0.05,750.061683,1.0,293.15,50,1391.0,1342.0,27.82,26.84,27.82,665.1510372990592,665.1510372990592,5367.999999999999,,True,simulation_npe_weighted
rootBackup/ar_99.0_cf4_1.0_52.3kVcm_1.000bar_0.0500mm_50npe.root,rootBackup/ar_99.0_cf4_1.0_52.3kVcm_1.000bar_0.0500mm_50npe.root,1,ar,cf4,99.0,1.0,52261.493691,0.05,750.061683,1.0,293.15,50,2884.0,2837.0,57.68,56.74,57.68,810.9820985953386,810.9820985953386,11347.999999999998,,True,simulation_npe_weighted
rootBackup/ar_99.0_cf4_1.0_53.4kVcm_1.000bar_0.0500mm_50npe.root,rootBackup/ar_99.0_cf4_1.0_53.4kVcm_1.000bar_0.0500mm_50npe.root,1,ar,cf4,99.0,1.0,53366.992312,0.05,750.061683,1.0,293.15,50,3638.0,3592.0,72.76,71.84,72.76,857.4332707299842,857.4332707299842,14367.999999999998,,True,simulation_npe_weighted
rootBackup/ar_99.0_cf4_1.0_59.3kVcm_1.000bar_0.0500mm_50npe.root,rootBackup/ar_99.0_cf4_1.0_59.3kVcm_1.000bar_0.0500mm_50npe.root,1,ar,cf4,99.0,1.0,59255.309755,0.05,750.061683,1.0,293.15,50,8089.0,8043.0,161.78,160.86,161.78,1017.247477517961,1017.247477517961,32172.0,,True,simulation_npe_weighted
rootBackup/ar_99.0_cf4_1.0_65.8kVcm_1.000bar_0.0500mm_50npe.root,rootBackup/ar_99.0_cf4_1.0_65.8kVcm_1.000bar_0.0500mm_50npe.root,1,ar,cf4,99.0,1.0,65793.322466,0.05,750.061683,1.0,293.15,50,16606.0,16562.0,332.12,331.24,332.12,1161.099269878766,1161.099269878766,66247.99999999999,,True,simulation_npe_weighted
rootBackup/ar_99.0_cf4_1.0_67.2kVcm_1.000bar_0.0500mm_50npe.root,rootBackup/ar_99.0_cf4_1.0_67.2kVcm_1.000bar_0.0500mm_50npe.root,1,ar,cf4,99.0,1.0,67185.062773,0.05,750.061683,1.0,293.15,50,19740.0,19702.0,394.8,394.04,394.8,1195.6758615118652,1195.6758615118652,78807.99999999999,,True,simulation_npe_weighted
rootBackup/ar_99.0_cf4_1.0_76.2kVcm_1.000bar_0.0500mm_50npe.root,rootBackup/ar_99.0_cf4_1.0_76.2kVcm_1.000bar_0.0500mm_50npe.root,1,ar,cf4,99.0,1.0,76176.003102,0.05,750.061683,1.0,293.15,50,53184.0,53157.0,1063.68,1063.14,1063.68,1393.8979745573945,1393.8979745573945,212628.0,,True,simulation_npe_weighted
rootBackup/ar_99.0_cf4_1.0_81.1kVcm_1.000bar_0.0500mm_50npe.root,rootBackup/ar_99.0_cf4_1.0_81.1kVcm_1.000bar_0.0500mm_50npe.root,1,ar,cf4,99.0,1.0,81113.083079,0.05,750.061683,1.0,293.15,50,126258.0,126251.0,2525.16,2525.02,2525.16,1566.8119412077062,1566.8119412077062,505003.9999999999,,True,simulation_npe_weighted
rootBackup/ar_99.0_cf4_1.0_86.4kVcm_1.000bar_0.0500mm_50npe.root,rootBackup/ar_99.0_cf4_1.0_86.4kVcm_1.000bar_0.0500mm_50npe.root,1,ar,cf4,99.0,1.0,86370.142546,0.05,750.061683,1.0,293.15,50,225177.0,225199.0,4503.54,4503.98,4503.54,1682.5238066330066,1682.5238066330066,900795.9999999998,,True,simulation_npe_weighted
rootBackup/ar_99.0_cf4_1.0_97.9kVcm_1.000bar_0.0500mm_50npe.root,rootBackup/ar_99.0_cf4_1.0_97.9kVcm_1.000bar_0.0500mm_50npe.root,1,ar,cf4,99.0,1.0,97928.497423,0.05,750.061683,1.0,293.15,50,910248.0,910330.0,18204.96,18206.6,18204.96,1961.8898726817088,1961.8898726817088,3641319.999999999,,True,simulation_npe_weighted
rootBackup/ar_99.0_cf4_1.0_100.0kVcm_1.000bar_0.0500mm_50npe.root,rootBackup/ar_99.0_cf4_1.0_100.0kVcm_1.000bar_0.0500mm_50npe.root,1,ar,cf4,99.0,1.0,100000.0,0.05,750.061683,1.0,293.15,50,1163854.0,1163972.0,23277.08,23279.44,23277.08,2011.0448928850328,2011.0448928850328,4655887.999999999,,True,simulation_npe_weighted
rootBackup/ar_99.0_cf4_1.0_111.0kVcm_1.000bar_0.0500mm_50npe.root,rootBackup/ar_99.0_cf4_1.0_111.0kVcm_1.000bar_0.0500mm_50npe.root,1,ar,cf4,99.0,1.0,111033.631817,0.05,750.061683,1.0,293.15,50,5062087.0,5062107.0,101241.74,101242.14,101241.74,2305.053280278804,2305.053280278804,20248428.0,,True,simulation_npe_weighted
rootBackup/ar_99.0_cf4_1.0_125.9kVcm_1.000bar_0.0500mm_50npe.root,rootBackup/ar_99.0_cf4_1.0_125.9kVcm_1.000bar_0.0500mm_50npe.root,1,ar,cf4,99.0,1.0,125892.541179,0.05,750.061683,1.0,293.15,50,30714158.0,30709148.0,614283.16,614182.96,614283.16,2665.642254692059,2665.642254692059,122836591.99999996,,True,simulation_npe_weighted
rootBackup/ar_99.0_cf4_1.0_100.0kVcm_10.000bar_0.0500mm_50npe.root,rootBackup/ar_99.0_cf4_1.0_100.0kVcm_10.000bar_0.0500mm_50npe.root,1,ar,cf4,99.0,1.0,100000.0,0.05,7500.61683,10.0,293.15,50,75.0,43.0,1.5,0.86,1.5,81.09302162163286,81.09302162163286,171.99999999999997,,True,simulation_npe_weighted
rootBackup/ar_99.0_cf4_1.0_108.3kVcm_10.000bar_0.0500mm_50npe.root,rootBackup/ar_99.0_cf4_1.0_108.3kVcm_10.000bar_0.0500mm_50npe.root,1,ar,cf4,99.0,1.0,108279.303752,0.05,7500.61683,10.0,293.15,50,91.0,51.0,1.82,1.02,1.82,119.76730021774078,119.76730021774078,204.0,,True,simulation_npe_weighted
rootBackup/ar_99.0_cf4_1.0_117.2kVcm_10.000bar_0.0500mm_50npe.root,rootBackup/ar_99.0_cf4_1.0_117.2kVcm_10.000bar_0.0500mm_50npe.root,1,ar,cf4,99.0,1.0,117244.07621,0.05,7500.61683,10.0,293.15,50,122.0,81.0,2.44,1.62,2.44,178.39960786102205,178.39960786102205,323.99999999999994,,True,simulation_npe_weighted
rootBackup/ar_99.0_cf4_1.0_127.0kVcm_10.000bar_0.0500mm_50npe.root,rootBackup/ar_99.0_cf4_1.0_127.0kVcm_10.000bar_0.0500mm_50npe.root,1,ar,cf4,99.0,1.0,126951.069411,0.05,7500.61683,10.0,293.15,50,160.0,121.0,3.2,2.42,3.2,232.6301619611361,232.6301619611361,483.9999999999999,,True,simulation_npe_weighted
rootBackup/ar_99.0_cf4_1.0_137.5kVcm_10.000bar_0.0500mm_50npe.root,rootBackup/ar_99.0_cf4_1.0_137.5kVcm_10.000bar_0.0500mm_50npe.root,1,ar,cf4,99.0,1.0,137461.734064,0.05,7500.61683,10.0,293.15,50,227.0,193.0,4.54,3.86,4.54,302.5854024106512,302.5854024106512,771.9999999999998,,True,simulation_npe_weighted
rootBackup/ar_99.0_cf4_1.0_148.8kVcm_10.000bar_0.0500mm_50npe.root,rootBackup/ar_99.0_cf4_1.0_148.8kVcm_10.000bar_0.0500mm_50npe.root,1,ar,cf4,99.0,1.0,148842.60857,0.05,7500.61683,10.0,293.15,50,561.0,542.0,11.22,10.84,11.22,483.53958001891,483.53958001891,2167.9999999999995,,True,simulation_npe_weighted
rootBackup/ar_99.0_cf4_1.0_161.2kVcm_10.000bar_0.0500mm_50npe.root,rootBackup/ar_99.0_cf4_1.0_161.2kVcm_10.000bar_0.0500mm_50npe.root,1,ar,cf4,99.0,1.0,161165.740245,0.05,7500.61683,10.0,293.15,50,906.0,901.0,18.12,18.02,18.12,579.4032601229666,579.4032601229666,3603.999999999999,,True,simulation_npe_weighted
rootBackup/ar_99.0_cf4_1.0_174.5kVcm_10.000bar_0.0500mm_50npe.root,rootBackup/ar_99.0_cf4_1.0_174.5kVcm_10.000bar_0.0500mm_50npe.root,1,ar,cf4,99.0,1.0,174509.141425,0.05,7500.61683,10.0,293.15,50,2494.0,2524.0,49.88,50.48,49.88,781.924024162367,781.924024162367,10095.999999999998,,True,simulation_npe_weighted
rootBackup/ar_99.0_cf4_1.0_189.0kVcm_10.000bar_0.0500mm_50npe.root,rootBackup/ar_99.0_cf4_1.0_189.0kVcm_10.000bar_0.0500mm_50npe.root,1,ar,cf4,99.0,1.0,188957.283318,0.05,7500.61683,10.0,293.15,50,7254.0,7392.0,145.08,147.84,145.08,995.45706288294,995.45706288294,29568.0,,True,simulation_npe_weighted
rootBackup/ar_99.0_cf4_1.0_204.6kVcm_10.000bar_0.0500mm_50npe.root,rootBackup/ar_99.0_cf4_1.0_204.6kVcm_10.000bar_0.0500mm_50npe.root,1,ar,cf4,99.0,1.0,204601.630766,0.05,7500.61683,10.0,293.15,50,19809.0,20109.0,396.18,402.18,396.18,1196.3737306869068,1196.3737306869068,80435.99999999999,,True,simulation_npe_weighted
rootBackup/ar_99.0_cf4_1.0_221.5kVcm_10.000bar_0.0500mm_50npe.root,rootBackup/ar_99.0_cf4_1.0_221.5kVcm_10.000bar_0.0500mm_50npe.root,1,ar,cf4,99.0,1.0,221541.221258,0.05,7500.61683,10.0,293.15,50,115787.0,117210.0,2315.74,2344.2,2315.74,1549.496913973877,1549.496913973877,468839.9999999999,,True,simulation_npe_weighted
rootBackup/ar_99.0_cf4_1.0_239.9kVcm_10.000bar_0.0500mm_50npe.root,rootBackup/ar_99.0_cf4_1.0_239.9kVcm_10.000bar_0.0500mm_50npe.root,1,ar,cf4,99.0,1.0,239883.291902,0.05,7500.61683,10.0,293.15,50,417303.0,421366.0,8346.06,8427.32,8346.06,1805.908970039653,1805.908970039653,1685463.9999999995,,True,simulation_npe_weighted
rootBackup/ar_99.0_cf4_1.0_7.7kVcm_0.050bar_0.5700mm_50npe.root,rootBackup/ar_99.0_cf4_1.0_7.7kVcm_0.050bar_0.5700mm_50npe.root,1,ar,cf4,99.0,1.0,7662.759399,0.57,37.50308415,0.05,293.15,50,575838.0,575458.0,11516.76,11509.16,11516.76,164.06243236301202,164.06243236301202,201915.08771929823,,True,simulation_npe_weighted
rootBackup/ar_99.0_cf4_1.0_100.0kVcm_0.050bar_0.0477mm_50npe.root,rootBackup/ar_99.0_cf4_1.0_100.0kVcm_0.050bar_0.0477mm_50npe.root,1,ar,cf4,99.0,1.0,100000.0,0.047656,37.50308415,0.05,293.15,50,418.0,343.0,8.36,6.86,8.36,445.5804992228912,445.5804992228912,1439.4829612220915,,True,simulation_npe_weighted
rootBackup/ar_99.0_cf4_1.0_68.6kVcm_0.050bar_0.0675mm_50npe.root,rootBackup/ar_99.0_cf4_1.0_68.6kVcm_0.050bar_0.0675mm_50npe.root,1,ar,cf4,99.0,1.0,68606.242862,0.067457,37.50308415,0.05,293.15,50,1038.0,937.0,20.76,18.74,20.76,449.623917206174,449.623917206174,2778.066027246987,,True,simulation_npe_weighted
rootBackup/ar_99.0_cf4_1.0_47.1kVcm_0.050bar_0.0957mm_50npe.root,rootBackup/ar_99.0_cf4_1.0_47.1kVcm_0.050bar_0.0957mm_50npe.root,1,ar,cf4,99.0,1.0,47068.165596,0.095687,37.50308415,0.05,293.15,50,3586.0,3408.0,71.72,68.16,71.72,446.5360653732411,446.5360653732411,7123.224680468611,,True,simulation_npe_weighted
rootBackup/ar_99.0_cf4_1.0_32.3kVcm_0.050bar_0.1362mm_50npe.root,rootBackup/ar_99.0_cf4_1.0_32.3kVcm_0.050bar_0.1362mm_50npe.root,1,ar,cf4,99.0,1.0,32291.699999,0.13618,37.50308415,0.05,293.15,50,17404.0,16903.0,348.08,338.06,348.08,429.757111059805,429.757111059805,24824.496989278898,,True,simulation_npe_weighted
rootBackup/ar_99.0_cf4_1.0_22.2kVcm_0.050bar_0.1948mm_50npe.root,rootBackup/ar_99.0_cf4_1.0_22.2kVcm_0.050bar_0.1948mm_50npe.root,1,ar,cf4,99.0,1.0,22154.122126,0.194824,37.50308415,0.05,293.15,50,60085.0,59157.0,1201.7,1183.14,1201.7,363.9948106966931,363.9948106966931,60728.6576602472,,True,simulation_npe_weighted
rootBackup/ar_99.0_cf4_1.0_68.6kVcm_0.050bar_0.2002mm_50npe.root,rootBackup/ar_99.0_cf4_1.0_68.6kVcm_0.050bar_0.2002mm_50npe.root,1,ar,cf4,99.0,1.0,68606.242862,0.200229,37.50308415,0.05,293.15,50,457223.0,436052.0,9144.46,8721.04,9144.46,455.5236009979101,455.5236009979101,435553.2914812541,,True,simulation_npe_weighted
rootBackup/ar_99.0_cf4_1.0_68.6kVcm_0.050bar_0.2012mm_50npe.root,rootBackup/ar_99.0_cf4_1.0_68.6kVcm_0.050bar_0.2012mm_50npe.root,1,ar,cf4,99.0,1.0,68606.242862,0.201201,37.50308415,0.05,293.15,50,525253.0,501131.0,10505.06,10022.62,10505.06,460.21701307790266,460.21701307790266,498139.6712739996,,True,simulation_npe_weighted
rootBackup/ar_99.0_cf4_1.0_100.0kVcm_0.050bar_0.2027mm_50npe.root,rootBackup/ar_99.0_cf4_1.0_100.0kVcm_0.050bar_0.2027mm_50npe.root,1,ar,cf4,99.0,1.0,100000.0,0.202702,37.50308415,0.05,293.15,50,203546.0,192471.0,4070.92,3849.42,4070.92,410.0415534685665,410.0415534685665,189905.3783386449,,True,simulation_npe_weighted
rootBackup/ar_99.0_cf4_1.0_63.1kVcm_0.050bar_0.2056mm_50npe.root,rootBackup/ar_99.0_cf4_1.0_63.1kVcm_0.050bar_0.2056mm_50npe.root,1,ar,cf4,99.0,1.0,63095.734448,0.205617,37.50308415,0.05,293.15,50,720078.0,688200.0,14401.56,13764.0,14401.56,465.6760780008361,465.6760780008361,669399.9037044601,,True,simulation_npe_weighted
rootBackup/ar_99.0_cf4_1.0_104.3kVcm_0.050bar_0.2073mm_50npe.root,rootBackup/ar_99.0_cf4_1.0_104.3kVcm_0.050bar_0.2073mm_50npe.root,1,ar,cf4,99.0,1.0,104275.388885,0.207335,37.50308415,0.05,293.15,50,223558.0,211110.0,4471.16,4222.2,4471.16,405.40203833271073,405.40203833271073,203641.4498275737,,True,simulation_npe_weighted
rootBackup/ar_99.0_cf4_1.0_47.1kVcm_0.050bar_0.2074mm_50npe.root,rootBackup/ar_99.0_cf4_1.0_47.1kVcm_0.050bar_0.2074mm_50npe.root,1,ar,cf4,99.0,1.0,47068.165596,0.207383,37.50308415,0.05,293.15,50,851839.0,821047.0,17036.78,16420.94,17036.78,469.8133316323236,469.8133316323236,791817.0727590978,,True,simulation_npe_weighted
rootBackup/ar_99.0_cf4_1.0_45.1kVcm_0.050bar_0.2080mm_50npe.root,rootBackup/ar_99.0_cf4_1.0_45.1kVcm_0.050bar_0.2080mm_50npe.root,1,ar,cf4,99.0,1.0,45138.326598,0.207955,37.50308415,0.05,293.15,50,782720.0,755274.0,15654.4,15105.48,15654.4,464.451795177454,464.451795177454,726382.1499843715,,True,simulation_npe_weighted
rootBackup/ar_99.0_cf4_1.0_100.0kVcm_0.050bar_0.2128mm_50npe.root,rootBackup/ar_99.0_cf4_1.0_100.0kVcm_0.050bar_0.2128mm_50npe.root,1,ar,cf4,99.0,1.0,100000.0,0.212765,37.50308415,0.05,293.15,50,313555.0,296467.0,6271.1,5929.34,6271.1,410.9560809736519,410.9560809736519,278680.23406105326,,True,simulation_npe_weighted
rootBackup/ar_99.0_cf4_1.0_39.8kVcm_0.050bar_0.2151mm_50npe.root,rootBackup/ar_99.0_cf4_1.0_39.8kVcm_0.050bar_0.2151mm_50npe.root,1,ar,cf4,99.0,1.0,39810.717055,0.215096,37.50308415,0.05,293.15,50,780197.0,755648.0,15603.94,15112.96,15603.94,448.8823002497139,448.8823002497139,702614.6464834305,,True,simulation_npe_weighted
rootBackup/ar_99.0_cf4_1.0_32.3kVcm_0.050bar_0.2262mm_50npe.root,rootBackup/ar_99.0_cf4_1.0_32.3kVcm_0.050bar_0.2262mm_50npe.root,1,ar,cf4,99.0,1.0,32291.699999,0.226192,37.50308415,0.05,293.15,50,860026.0,838151.0,17200.52,16763.02,17200.52,431.1688695843658,431.1688695843658,741096.9441890075,,True,simulation_npe_weighted
rootBackup/ar_99.0_cf4_1.0_158.5kVcm_0.050bar_0.2264mm_50npe.root,rootBackup/ar_99.0_cf4_1.0_158.5kVcm_0.050bar_0.2264mm_50npe.root,1,ar,cf4,99.0,1.0,158489.319246,0.226412,37.50308415,0.05,293.15,50,82362.0,76969.0,1647.24,1539.38,1647.24,327.1406303133919,327.1406303133919,67990.21253290462,,True,simulation_npe_weighted
rootBackup/ar_99.0_cf4_1.0_29.7kVcm_0.050bar_0.2302mm_50npe.root,rootBackup/ar_99.0_cf4_1.0_29.7kVcm_0.050bar_0.2302mm_50npe.root,1,ar,cf4,99.0,1.0,29698.004774,0.230189,37.50308415,0.05,293.15,50,831423.0,812142.0,16628.46,16242.84,16628.46,422.2126584750262,422.2126584750262,705630.5905147509,,True,simulation_npe_weighted
rootBackup/ar_99.0_cf4_1.0_158.5kVcm_0.050bar_0.2367mm_50npe.root,rootBackup/ar_99.0_cf4_1.0_158.5kVcm_0.050bar_0.2367mm_50npe.root,1,ar,cf4,99.0,1.0,158489.319246,0.236662,37.50308415,0.05,293.15,50,82455.0,76918.0,1649.1,1538.36,1649.1,313.0196213813254,313.0196213813254,65002.40849819573,,True,simulation_npe_weighted
rootBackup/ar_99.0_cf4_1.0_25.1kVcm_0.050bar_0.2454mm_50npe.root,rootBackup/ar_99.0_cf4_1.0_25.1kVcm_0.050bar_0.2454mm_50npe.root,1,ar,cf4,99.0,1.0,25118.864315,0.245436,37.50308415,0.05,293.15,50,721240.0,708213.0,14424.8,14164.26,14424.8,390.1915051769976,390.1915051769976,577106.0480125166,,True,simulation_npe_weighted
rootBackup/ar_99.0_cf4_1.0_22.2kVcm_0.050bar_0.2610mm_50npe.root,rootBackup/ar_99.0_cf4_1.0_22.2kVcm_0.050bar_0.2610mm_50npe.root,1,ar,cf4,99.0,1.0,22154.122126,0.26103,37.50308415,0.05,293.15,50,917540.0,903823.0,18350.8,18076.46,18350.8,376.10345359777233,376.10345359777233,692505.076044899,,True,simulation_npe_weighted
rootBackup/ar_99.0_cf4_1.0_19.5kVcm_0.050bar_0.2745mm_50npe.root,rootBackup/ar_99.0_cf4_1.0_19.5kVcm_0.050bar_0.2745mm_50npe.root,1,ar,cf4,99.0,1.0,19539.304047,0.274521,37.50308415,0.05,293.15,50,640579.0,633028.0,12811.58,12660.56,12811.58,344.5311917275771,344.5311917275771,461187.30443208345,,True,simulation_npe_weighted
rootBackup/ar_99.0_cf4_1.0_15.2kVcm_0.050bar_0.2810mm_50npe.root,rootBackup/ar_99.0_cf4_1.0_15.2kVcm_0.050bar_0.2810mm_50npe.root,1,ar,cf4,99.0,1.0,15199.11083,0.281027,37.50308415,0.05,293.15,50,215165.0,213609.0,4303.3,4272.18,4303.3,297.73429062720635,297.73429062720635,152020.26851512486,,True,simulation_npe_weighted
rootBackup/ar_99.0_cf4_1.0_251.2kVcm_0.050bar_0.2812mm_50npe.root,rootBackup/ar_99.0_cf4_1.0_251.2kVcm_0.050bar_0.2812mm_50npe.root,1,ar,cf4,99.0,1.0,251188.643151,0.281177,37.50308415,0.05,293.15,50,18994.0,17494.0,379.88,349.88,379.88,211.24969017290715,211.24969017290715,12443.407533333097,,True,simulation_npe_weighted
rootBackup/ar_99.0_cf4_1.0_15.8kVcm_0.050bar_0.3080mm_50npe.root,rootBackup/ar_99.0_cf4_1.0_15.8kVcm_0.050bar_0.3080mm_50npe.root,1,ar,cf4,99.0,1.0,15848.931925,0.308049,37.50308415,0.05,293.15,50,635538.0,630829.0,12710.76,12616.58,12710.76,306.7760050457066,306.7760050457066,409564.0628601293,,True,simulation_npe_weighted
rootBackup/ar_99.0_cf4_1.0_15.2kVcm_0.050bar_0.3204mm_50npe.root,rootBackup/ar_99.0_cf4_1.0_15.2kVcm_0.050bar_0.3204mm_50npe.root,1,ar,cf4,99.0,1.0,15199.11083,0.320368,37.50308415,0.05,293.15,50,715953.0,710900.0,14319.06,14218.0,14319.06,298.6985840003364,298.6985840003364,443802.12755331374,,True,simulation_npe_weighted
rootBackup/ar_99.0_cf4_1.0_12.9kVcm_0.050bar_0.3550mm_50npe.root,rootBackup/ar_99.0_cf4_1.0_12.9kVcm_0.050bar_0.3550mm_50npe.root,1,ar,cf4,99.0,1.0,12855.557319,0.355034,37.50308415,0.05,293.15,50,548942.0,546492.0,10978.84,10929.84,10978.84,262.0516644279783,262.0516644279783,307853.33235690097,,True,simulation_npe_weighted
rootBackup/ar_99.0_cf4_1.0_10.4kVcm_0.050bar_0.4107mm_50npe.root,rootBackup/ar_99.0_cf4_1.0_10.4kVcm_0.050bar_0.4107mm_50npe.root,1,ar,cf4,99.0,1.0,10427.538889,0.410674,37.50308415,0.05,293.15,50,434555.0,433486.0,8691.1,8669.72,8691.1,220.85777995507524,220.85777995507524,211109.54187506388,,True,simulation_npe_weighted
rootBackup/ar_99.0_cf4_1.0_10.4kVcm_0.050bar_0.4205mm_50npe.root,rootBackup/ar_99.0_cf4_1.0_10.4kVcm_0.050bar_0.4205mm_50npe.root,1,ar,cf4,99.0,1.0,10427.538889,0.420528,37.50308415,0.05,293.15,50,519924.0,518699.0,10398.48,10373.98,10398.48,219.9476591475905,219.9476591475905,246689.3999923905,,True,simulation_npe_weighted
rootBackup/ar_99.0_cf4_1.0_10.0kVcm_0.050bar_0.4292mm_50npe.root,rootBackup/ar_99.0_cf4_1.0_10.0kVcm_0.050bar_0.4292mm_50npe.root,1,ar,cf4,99.0,1.0,10000.0,0.429208,37.50308415,0.05,293.15,50,469331.0,468383.0,9386.62,9367.66,9386.62,213.11440024418468,213.11440024418468,218254.5525712475,,True,simulation_npe_weighted
rootBackup/ar_99.0_cf4_1.0_8.5kVcm_0.050bar_0.5015mm_50npe.root,rootBackup/ar_99.0_cf4_1.0_8.5kVcm_0.050bar_0.5015mm_50npe.root,1,ar,cf4,99.0,1.0,8458.098282,0.501466,37.50308415,0.05,293.15,50,440507.0,439960.0,8810.14,8799.2,8810.14,181.1420636660687,181.1420636660687,175469.52335751578,,True,simulation_npe_weighted
rootBackup/ar_99.0_cf4_1.0_7.7kVcm_0.050bar_0.5700mm_50npe.root,rootBackup/ar_99.0_cf4_1.0_7.7kVcm_0.050bar_0.5700mm_50npe.root,1,ar,cf4,99.0,1.0,7650.401582,0.57,37.50308415,0.05,293.15,50,553649.0,553240.0,11072.98,11064.8,11072.98,163.3730383421268,163.3730383421268,194119.29824561405,,True,simulation_npe_weighted
rootBackup/ar_99.0_cf4_1.0_7.2kVcm_0.050bar_0.5940mm_50npe.root,rootBackup/ar_99.0_cf4_1.0_7.2kVcm_0.050bar_0.5940mm_50npe.root,1,ar,cf4,99.0,1.0,7153.942654,0.594011,37.50308415,0.05,293.15,50,422443.0,422181.0,8448.86,8443.62,8448.86,152.2158141853817,152.2158141853817,142145.85251788268,,True,simulation_npe_weighted
rootBackup/ar_99.0_cf4_1.0_7.2kVcm_0.050bar_0.6126mm_50npe.root,rootBackup/ar_99.0_cf4_1.0_7.2kVcm_0.050bar_0.6126mm_50npe.root,1,ar,cf4,99.0,1.0,7153.942654,0.612568,37.50308415,0.05,293.15,50,567850.0,567538.0,11357.0,11350.76,11357.0,152.43351877492208,152.43351877492208,185297.95875723183,,True,simulation_npe_weighted
rootBackup/ar_99.0_cf4_1.0_6.3kVcm_0.050bar_0.6706mm_50npe.root,rootBackup/ar_99.0_cf4_1.0_6.3kVcm_0.050bar_0.6706mm_50npe.root,1,ar,cf4,99.0,1.0,6309.573445,0.670593,37.50308415,0.05,293.15,50,368047.0,367934.0,7360.94,7358.68,7360.94,132.77715277312845,132.77715277312845,109733.92206599234,,True,simulation_npe_weighted
rootBackup/ar_99.0_cf4_1.0_5.6kVcm_0.050bar_0.7795mm_50npe.root,rootBackup/ar_99.0_cf4_1.0_5.6kVcm_0.050bar_0.7795mm_50npe.root,1,ar,cf4,99.0,1.0,5564.863877,0.779532,37.50308415,0.05,293.15,50,415906.0,415858.0,8318.12,8317.16,8318.12,115.78987837245472,115.78987837245472,106694.27297404084,,True,simulation_npe_weighted
rootBackup/ar_99.0_cf4_1.0_4.9kVcm_0.050bar_0.9090mm_50npe.root,rootBackup/ar_99.0_cf4_1.0_4.9kVcm_0.050bar_0.9090mm_50npe.root,1,ar,cf4,99.0,1.0,4908.051272,0.908982,37.50308415,0.05,293.15,50,377959.0,377962.0,7559.18,7559.24,7559.18,98.24746802117416,98.24746802117416,83161.60276001065,,True,simulation_npe_weighted
rootBackup/ar_99.0_cf4_1.0_4.9kVcm_0.050bar_0.9438mm_50npe.root,rootBackup/ar_99.0_cf4_1.0_4.9kVcm_0.050bar_0.9438mm_50npe.root,1,ar,cf4,99.0,1.0,4908.051272,0.943772,37.50308415,0.05,293.15,50,585656.0,585692.0,11713.12,11713.84,11713.12,99.26618780854156,99.26618780854156,124117.26561076193,,True,simulation_npe_weighted
rootBackup/ar_99.0_cf4_1.0_4.0kVcm_0.050bar_1.1879mm_50npe.root,rootBackup/ar_99.0_cf4_1.0_4.0kVcm_0.050bar_1.1879mm_50npe.root,1,ar,cf4,99.0,1.0,3981.071706,1.187936,37.50308415,0.05,293.15,50,406978.0,407087.0,8139.56,8141.74,8139.56,75.79946565708555,75.79946565708555,68536.85720442851,,True,simulation_npe_weighted
rootBackup/ar_99.0_cf4_1.0_3.7kVcm_0.050bar_1.3449mm_50npe.root,rootBackup/ar_99.0_cf4_1.0_3.7kVcm_0.050bar_1.3449mm_50npe.root,1,ar,cf4,99.0,1.0,3661.308835,1.344875,37.50308415,0.05,293.15,50,414147.0,414271.0,8282.94,8285.42,8282.94,67.08395394977052,67.08395394977052,61607.36127892927,,True,simulation_npe_weighted
rootBackup/ar_99.0_cf4_1.0_3.4kVcm_0.050bar_1.5179mm_50npe.root,rootBackup/ar_99.0_cf4_1.0_3.4kVcm_0.050bar_1.5179mm_50npe.root,1,ar,cf4,99.0,1.0,3367.229575,1.517927,37.50308415,0.05,293.15,50,390927.0,391111.0,7818.54,7822.22,7818.54,59.05589079936872,59.05589079936872,51532.25418613675,,True,simulation_npe_weighted
rootBackup/ar_99.0_cf4_1.0_3.4kVcm_0.050bar_1.5302mm_50npe.root,rootBackup/ar_99.0_cf4_1.0_3.4kVcm_0.050bar_1.5302mm_50npe.root,1,ar,cf4,99.0,1.0,3367.229575,1.530243,37.50308415,0.05,293.15,50,440785.0,440968.0,8815.7,8819.36,8815.7,59.36501262724667,59.36501262724667,57633.722225816426,,True,simulation_npe_weighted
rootBackup/ar_99.0_cf4_1.0_2.5kVcm_0.050bar_2.4151mm_50npe.root,rootBackup/ar_99.0_cf4_1.0_2.5kVcm_0.050bar_2.4151mm_50npe.root,1,ar,cf4,99.0,1.0,2511.886432,2.415082,37.50308415,0.05,293.15,50,545760.0,546342.0,10915.2,10926.84,10915.2,38.49936189423104,38.49936189423104,45244.1780444722,,True,simulation_npe_weighted
rootBackup/ar_99.0_cf4_1.0_2.4kVcm_0.050bar_2.5986mm_50npe.root,rootBackup/ar_99.0_cf4_1.0_2.4kVcm_0.050bar_2.5986mm_50npe.root,1,ar,cf4,99.0,1.0,2408.896729,2.59859,37.50308415,0.05,293.15,50,509762.0,510379.0,10195.24,10207.58,10195.24,35.51801639998199,35.51801639998199,39281.22558772257,,True,simulation_npe_weighted
rootBackup/ar_99.0_cf4_1.0_2.3kVcm_0.050bar_2.6894mm_50npe.root,rootBackup/ar_99.0_cf4_1.0_2.3kVcm_0.050bar_2.6894mm_50npe.root,1,ar,cf4,99.0,1.0,2310.1297,2.689394,37.50308415,0.05,293.15,50,374722.0,375235.0,7494.44,7504.7,7494.44,33.174450048106124,33.174450048106124,27904.79937115945,,True,simulation_npe_weighted
rootBackup/ar_99.0_cf4_1.0_2.3kVcm_0.050bar_2.7883mm_50npe.root,rootBackup/ar_99.0_cf4_1.0_2.3kVcm_0.050bar_2.7883mm_50npe.root,1,ar,cf4,99.0,1.0,2310.1297,2.788339,37.50308415,0.05,293.15,50,600367.0,601177.0,12007.34,12023.54,12007.34,33.68770227882978,33.68770227882978,43120.79700495528,,True,simulation_npe_weighted
rootBackup/ar_99.0_cf4_1.0_1.6kVcm_0.050bar_5.3676mm_50npe.root,rootBackup/ar_99.0_cf4_1.0_1.6kVcm_0.050bar_5.3676mm_50npe.root,1,ar,cf4,99.0,1.0,1584.893192,5.367601,37.50308415,0.05,293.15,50,448932.0,450670.0,8978.64,9013.4,8978.64,16.95842090752539,16.95842090752539,16792.23176238323,,True,simulation_npe_weighted
rootBackup/ar_99.0_cf4_1.0_1.6kVcm_0.050bar_5.6794mm_50npe.root,rootBackup/ar_99.0_cf4_1.0_1.6kVcm_0.050bar_5.6794mm_50npe.root,1,ar,cf4,99.0,1.0,1584.893192,5.679357,37.50308415,0.05,293.15,50,618110.0,620552.0,12362.2,12411.04,12362.2,16.590608247905916,16.590608247905916,21852.896375417145,,True,simulation_npe_weighted
rootBackup/ar_99.0_cf4_1.0_1.6kVcm_0.050bar_5.6835mm_50npe.root,rootBackup/ar_99.0_cf4_1.0_1.6kVcm_0.050bar_5.6835mm_50npe.root,1,ar,cf4,99.0,1.0,1584.893192,5.683543,37.50308415,0.05,293.15,50,816114.0,819455.0,16322.28,16389.1,16322.28,17.067322838311405,17.067322838311405,28836.062294241456,,True,simulation_npe_weighted
rootBackup/ar_99.0_cf4_1.0_1.6kVcm_0.050bar_5.7101mm_50npe.root,rootBackup/ar_99.0_cf4_1.0_1.6kVcm_0.050bar_5.7101mm_50npe.root,1,ar,cf4,99.0,1.0,1584.893192,5.710121,37.50308415,0.05,293.15,50,759689.0,762742.0,15193.78,15254.84,15193.78,16.86241221956343,16.86241221956343,26715.44088120024,,True,simulation_npe_weighted
rootBackup/ar_99.0_cf4_1.0_316.2kVcm_1.000bar_0.0165mm_50npe.root,rootBackup/ar_99.0_cf4_1.0_316.2kVcm_1.000bar_0.0165mm_50npe.root,1,ar,cf4,99.0,1.0,316227.766017,0.016487,750.061683,1.0,293.15,50,1256277.0,1246864.0,25125.54,24937.28,25125.54,6145.2296583172965,6145.2296583172965,15125420.027900768,,True,simulation_npe_weighted
rootBackup/ar_99.0_cf4_1.0_246.0kVcm_1.000bar_0.0197mm_50npe.root,rootBackup/ar_99.0_cf4_1.0_246.0kVcm_1.000bar_0.0197mm_50npe.root,1,ar,cf4,99.0,1.0,245985.263934,0.019672,750.061683,1.0,293.15,50,1174110.0,1169409.0,23482.2,23388.18,23482.2,5115.899738875542,5115.899738875542,11889070.760471735,,True,simulation_npe_weighted
rootBackup/ar_99.0_cf4_1.0_191.3kVcm_1.000bar_0.0240mm_50npe.root,rootBackup/ar_99.0_cf4_1.0_191.3kVcm_1.000bar_0.0240mm_50npe.root,1,ar,cf4,99.0,1.0,191345.4686,0.023995,750.061683,1.0,293.15,50,860045.0,858494.0,17200.9,17169.88,17200.9,4064.478844348408,4064.478844348408,7155607.418212128,,True,simulation_npe_weighted
rootBackup/ar_99.0_cf4_1.0_148.8kVcm_1.000bar_0.0300mm_50npe.root,rootBackup/ar_99.0_cf4_1.0_148.8kVcm_1.000bar_0.0300mm_50npe.root,1,ar,cf4,99.0,1.0,148842.60857,0.030025,750.061683,1.0,293.15,50,684549.0,684159.0,13690.98,13683.18,13690.98,3172.187344152878,3172.187344152878,4557262.28143214,,True,simulation_npe_weighted
rootBackup/ar_99.0_cf4_1.0_115.8kVcm_1.000bar_0.0387mm_50npe.root,rootBackup/ar_99.0_cf4_1.0_115.8kVcm_1.000bar_0.0387mm_50npe.root,1,ar,cf4,99.0,1.0,115780.75137,0.038699,750.061683,1.0,293.15,50,601790.0,601715.0,12035.8,12034.3,12035.8,2427.876901417519,2427.876901417519,3109718.597379777,,True,simulation_npe_weighted
rootBackup/ar_99.0_cf4_1.0_90.1kVcm_1.000bar_0.0516mm_50npe.root,rootBackup/ar_99.0_cf4_1.0_90.1kVcm_1.000bar_0.0516mm_50npe.root,1,ar,cf4,99.0,1.0,90062.802021,0.051622,750.061683,1.0,293.15,50,516361.0,516441.0,10327.22,10328.82,10327.22,1790.4262536949325,1790.4262536949325,2000856.224090504,,True,simulation_npe_weighted
rootBackup/ar_99.0_cf4_1.0_70.1kVcm_1.000bar_0.0717mm_50npe.root,rootBackup/ar_99.0_cf4_1.0_70.1kVcm_1.000bar_0.0717mm_50npe.root,1,ar,cf4,99.0,1.0,70057.485479,0.07166,750.061683,1.0,293.15,50,460915.0,461096.0,9218.3,9221.92,9218.3,1273.924911773861,1273.924911773861,1286899.2464415294,,True,simulation_npe_weighted
rootBackup/ar_99.0_cf4_1.0_54.5kVcm_1.000bar_0.1042mm_50npe.root,rootBackup/ar_99.0_cf4_1.0_54.5kVcm_1.000bar_0.1042mm_50npe.root,1,ar,cf4,99.0,1.0,54495.875783,0.104182,750.061683,1.0,293.15,50,484422.0,484850.0,9688.44,9697.0,9688.44,881.0244285205066,881.0244285205066,930774.9899214834,,True,simulation_npe_weighted
rootBackup/ar_99.0_cf4_1.0_42.4kVcm_1.000bar_0.1598mm_50npe.root,rootBackup/ar_99.0_cf4_1.0_42.4kVcm_1.000bar_0.1598mm_50npe.root,1,ar,cf4,99.0,1.0,42390.908796,0.159805,750.061683,1.0,293.15,50,537152.0,538091.0,10743.04,10761.82,10743.04,580.8337274812649,580.8337274812649,673434.4982947967,,True,simulation_npe_weighted
rootBackup/ar_99.0_cf4_1.0_33.0kVcm_1.000bar_0.2609mm_50npe.root,rootBackup/ar_99.0_cf4_1.0_33.0kVcm_1.000bar_0.2609mm_50npe.root,1,ar,cf4,99.0,1.0,32974.773278,0.260852,750.061683,1.0,293.15,50,913541.0,916722.0,18270.82,18334.44,18270.82,376.1926506480922,376.1926506480922,702867.5264134451,,True,simulation_npe_weighted
rootBackup/ar_99.0_cf4_1.0_25.7kVcm_1.000bar_0.4576mm_50npe.root,rootBackup/ar_99.0_cf4_1.0_25.7kVcm_1.000bar_0.4576mm_50npe.root,1,ar,cf4,99.0,1.0,25650.209057,0.457635,750.061683,1.0,293.15,50,890666.0,897717.0,17813.32,17954.34,17813.32,213.87572565558017,213.87572565558017,392328.8210036382,,True,simulation_npe_weighted
rootBackup/ar_99.0_cf4_1.0_20.0kVcm_1.000bar_0.8729mm_50npe.root,rootBackup/ar_99.0_cf4_1.0_20.0kVcm_1.000bar_0.8729mm_50npe.root,1,ar,cf4,99.0,1.0,19952.62315,0.872926,750.061683,1.0,293.15,50,1152249.0,1173695.0,23044.98,23473.9,23044.98,115.075083538433,115.075083538433,268910.5376629864,,True,simulation_npe_weighted
rootBackup/ar_99.0_cf4_1.0_18.7kVcm_0.050bar_0.1399mm_100npe.root,rootBackup/ar_99.0_cf4_1.0_18.7kVcm_0.050bar_0.1399mm_100npe.root,1,ar,cf4,99.0,1.0,18738.174229,0.139885,37.50308415,0.05,293.15,100,11319.0,11093.0,113.19,110.93,113.19,338.0682576862657,338.0682576862657,7930.0854273152945,,True,simulation_npe_weighted
rootBackup/ar_99.0_cf4_1.0_316.2kVcm_10.000bar_0.0137mm_100npe.root,rootBackup/ar_99.0_cf4_1.0_316.2kVcm_10.000bar_0.0137mm_100npe.root,1,ar,cf4,99.0,1.0,316227.766017,0.013666,7500.61683,10.0,293.15,100,10169.0,10112.0,101.69,101.12,101.69,3382.064224940031,3382.064224940031,73993.85335870043,,True,simulation_npe_weighted
rootBackup/ar_99.0_cf4_1.0_657.9kVcm_10.000bar_0.0040mm_100npe.root,rootBackup/ar_99.0_cf4_1.0_657.9kVcm_10.000bar_0.0040mm_100npe.root,1,ar,cf4,99.0,1.0,657933.224658,0.003969,7500.61683,10.0,293.15,100,10371.0,10275.0,103.71,102.75,103.71,11694.62973696559,11694.62973696559,258881.3303099017,,True,simulation_npe_weighted
rootBackup/ar_99.0_cf4_1.0_316.2kVcm_10.000bar_0.0137mm_100npe.root,rootBackup/ar_99.0_cf4_1.0_316.2kVcm_10.000bar_0.0137mm_100npe.root,1,ar,cf4,99.0,1.0,316227.766017,0.013737,7500.61683,10.0,293.15,100,10570.0,10503.0,105.7,105.03,105.7,3392.7385112296656,3392.7385112296656,76457.74186503603,,True,simulation_npe_weighted
rootBackup/ar_99.0_cf4_1.0_65.8kVcm_0.050bar_0.1059mm_100npe.root,rootBackup/ar_99.0_cf4_1.0_65.8kVcm_0.050bar_0.1059mm_100npe.root,1,ar,cf4,99.0,1.0,65793.322466,0.105905,37.50308415,0.05,293.15,100,11209.0,10623.0,112.09,106.23,112.09,445.61655446230145,445.61655446230145,10030.68788064775,,True,simulation_npe_weighted
rootBackup/ar_99.0_cf4_1.0_43.3kVcm_0.050bar_0.1078mm_100npe.root,rootBackup/ar_99.0_cf4_1.0_43.3kVcm_0.050bar_0.1078mm_100npe.root,1,ar,cf4,99.0,1.0,43287.612811,0.107814,37.50308415,0.05,293.15,100,13317.0,12805.0,133.17,128.05,133.17,453.70976937262816,453.70976937262816,11876.936204945556,,True,simulation_npe_weighted
rootBackup/ar_99.0_cf4_1.0_100.0kVcm_0.050bar_0.1112mm_100npe.root,rootBackup/ar_99.0_cf4_1.0_100.0kVcm_0.050bar_0.1112mm_100npe.root,1,ar,cf4,99.0,1.0,100000.0,0.111232,37.50308415,0.05,293.15,100,10807.0,10106.0,108.07,101.06,108.07,420.99208548934433,420.99208548934433,9085.514959723821,,True,simulation_npe_weighted
rootBackup/ar_99.0_cf4_1.0_31.6kVcm_0.050bar_0.1143mm_100npe.root,rootBackup/ar_99.0_cf4_1.0_31.6kVcm_0.050bar_0.1143mm_100npe.root,1,ar,cf4,99.0,1.0,31622.776602,0.114333,37.50308415,0.05,293.15,100,12821.0,12403.0,128.21,124.03,128.21,424.52043981742884,424.52043981742884,10848.136583488582,,True,simulation_npe_weighted
rootBackup/ar_99.0_cf4_1.0_28.5kVcm_0.050bar_0.1180mm_100npe.root,rootBackup/ar_99.0_cf4_1.0_28.5kVcm_0.050bar_0.1180mm_100npe.root,1,ar,cf4,99.0,1.0,28480.358684,0.118043,37.50308415,0.05,293.15,100,12501.0,12153.0,125.01,121.53,125.01,409.0368538670206,409.0368538670206,10295.400828511643,,True,simulation_npe_weighted
rootBackup/ar_99.0_cf4_1.0_18.7kVcm_0.050bar_0.1399mm_100npe.root,rootBackup/ar_99.0_cf4_1.0_18.7kVcm_0.050bar_0.1399mm_100npe.root,1,ar,cf4,99.0,1.0,18738.174229,0.139884,37.50308415,0.05,293.15,100,10911.0,10698.0,109.11,106.98,109.11,335.4462660252071,335.4462660252071,7647.765291241314,,True,simulation_npe_weighted
rootBackup/ar_99.0_cf4_1.0_12.3kVcm_0.050bar_0.1807mm_100npe.root,rootBackup/ar_99.0_cf4_1.0_12.3kVcm_0.050bar_0.1807mm_100npe.root,1,ar,cf4,99.0,1.0,12328.467394,0.180663,37.50308415,0.05,293.15,100,9130.0,9011.0,91.3,90.11,91.3,249.8658157786001,249.8658157786001,4987.73960357129,,True,simulation_npe_weighted
rootBackup/ar_99.0_cf4_1.0_11.1kVcm_0.050bar_0.1957mm_100npe.root,rootBackup/ar_99.0_cf4_1.0_11.1kVcm_0.050bar_0.1957mm_100npe.root,1,ar,cf4,99.0,1.0,11103.363182,0.195652,37.50308415,0.05,293.15,100,9007.0,8881.0,90.07,88.81,90.07,230.03021414530141,230.03021414530141,4539.181812606055,,True,simulation_npe_weighted
rootBackup/ar_99.0_cf4_1.0_8.1kVcm_0.050bar_0.2562mm_100npe.root,rootBackup/ar_99.0_cf4_1.0_8.1kVcm_0.050bar_0.2562mm_100npe.root,1,ar,cf4,99.0,1.0,8111.308308,0.256212,37.50308415,0.05,293.15,100,7219.0,7111.0,72.19,71.11,72.19,167.0219010878128,167.0219010878128,2775.435967089754,,True,simulation_npe_weighted
rootBackup/ar_99.0_cf4_1.0_6.6kVcm_0.050bar_0.3175mm_100npe.root,rootBackup/ar_99.0_cf4_1.0_6.6kVcm_0.050bar_0.3175mm_100npe.root,1,ar,cf4,99.0,1.0,6579.332247,0.317496,37.50308415,0.05,293.15,100,7946.0,7846.0,79.46,78.46,79.46,137.80500385473997,137.80500385473997,2471.212235744702,,True,simulation_npe_weighted
rootBackup/ar_99.0_cf4_1.0_5.3kVcm_0.050bar_0.4023mm_100npe.root,rootBackup/ar_99.0_cf4_1.0_5.3kVcm_0.050bar_0.4023mm_100npe.root,1,ar,cf4,99.0,1.0,5336.699231,0.402263,37.50308415,0.05,293.15,100,8231.0,8132.0,82.31,81.32,82.31,109.64201547208053,109.64201547208053,2021.5630072862778,,True,simulation_npe_weighted
rootBackup/ar_99.0_cf4_1.0_4.1kVcm_0.050bar_0.5700mm_100npe.root,rootBackup/ar_99.0_cf4_1.0_4.1kVcm_0.050bar_0.5700mm_100npe.root,1,ar,cf4,99.0,1.0,4071.8369,0.57,37.50308415,0.05,293.15,100,8103.0,8005.0,81.03,80.05,81.03,77.10209572759008,77.10209572759008,1404.3859649122808,,True,simulation_npe_weighted
rootBackup/ar_99.0_cf4_1.0_3.9kVcm_0.050bar_0.6076mm_100npe.root,rootBackup/ar_99.0_cf4_1.0_3.9kVcm_0.050bar_0.6076mm_100npe.root,1,ar,cf4,99.0,1.0,3898.603703,0.60764,37.50308415,0.05,293.15,100,8284.0,8185.0,82.84,81.85,82.84,72.68960299729089,72.68960299729089,1347.0146797445855,,True,simulation_npe_weighted
rootBackup/ar_99.0_cf4_1.0_3.5kVcm_0.050bar_0.7054mm_100npe.root,rootBackup/ar_99.0_cf4_1.0_3.5kVcm_0.050bar_0.7054mm_100npe.root,1,ar,cf4,99.0,1.0,3511.191734,0.705439,37.50308415,0.05,293.15,100,7528.0,7430.0,75.28,74.3,75.28,61.25567902082425,61.25567902082425,1053.2448588751117,,True,simulation_npe_weighted
rootBackup/ar_99.0_cf4_1.0_2.3kVcm_0.050bar_1.3952mm_100npe.root,rootBackup/ar_99.0_cf4_1.0_2.3kVcm_0.050bar_1.3952mm_100npe.root,1,ar,cf4,99.0,1.0,2310.1297,1.395222,37.50308415,0.05,293.15,100,11159.0,11076.0,111.59,110.76,111.59,33.792697077580556,33.792697077580556,793.8521611614495,,True,simulation_npe_weighted
rootBackup/ar_99.0_cf4_1.0_2.3kVcm_0.050bar_1.3967mm_100npe.root,rootBackup/ar_99.0_cf4_1.0_2.3kVcm_0.050bar_1.3967mm_100npe.root,1,ar,cf4,99.0,1.0,2310.1297,1.39674,37.50308415,0.05,293.15,100,10540.0,10451.0,105.4,104.51,105.4,33.34738488270731,33.34738488270731,748.2423357246158,,True,simulation_npe_weighted
rootBackup/ar_99.0_cf4_1.0_1.5kVcm_0.050bar_3.1450mm_100npe.root,rootBackup/ar_99.0_cf4_1.0_1.5kVcm_0.050bar_3.1450mm_100npe.root,1,ar,cf4,99.0,1.0,1519.911083,3.145021,37.50308415,0.05,293.15,100,13695.0,13651.0,136.95,136.51,136.95,15.642553406508531,15.642553406508531,434.05115577924596,,True,simulation_npe_weighted
rootBackup/ar_99.0_cf4_1.0_1.4kVcm_0.050bar_3.9348mm_100npe.root,rootBackup/ar_99.0_cf4_1.0_1.4kVcm_0.050bar_3.9348mm_100npe.root,1,ar,cf4,99.0,1.0,1368.87451,3.934821,37.50308415,0.05,293.15,100,12260.0,12244.0,122.6,122.44,122.6,12.22146324699932,12.22146324699932,311.17044460218136,,True,simulation_npe_weighted
rootBackup/ar_99.0_cf4_1.0_1.0kVcm_0.050bar_8.1726mm_100npe.root,rootBackup/ar_99.0_cf4_1.0_1.0kVcm_0.050bar_8.1726mm_100npe.root,1,ar,cf4,99.0,1.0,1000.0,8.1726,37.50308415,0.05,293.15,100,9020.0,9097.0,90.2,90.97,90.2,5.5086868647291904,5.5086868647291904,111.31096591048137,,True,simulation_npe_weighted
rootBackup/ar_99.0_cf4_1.0_0.8kVcm_0.050bar_13.8938mm_100npe.root,rootBackup/ar_99.0_cf4_1.0_0.8kVcm_0.050bar_13.8938mm_100npe.root,1,ar,cf4,99.0,1.0,811.130831,13.893805,37.50308415,0.05,293.15,100,7786.0,8008.0,77.86,80.08,77.86,3.134427424440108,3.134427424440108,57.637198737134995,,True,simulation_npe_weighted
rootBackup/ar_99.0_cf4_1.0_0.5kVcm_0.050bar_63.0416mm_100npe.root,rootBackup/ar_99.0_cf4_1.0_0.5kVcm_0.050bar_63.0416mm_100npe.root,1,ar,cf4,99.0,1.0,480.638086,63.041563,37.50308415,0.05,293.15,100,456.0,660.0,4.56,6.6,4.56,0.24068607301603462,0.24068607301603462,1.046928357407636,,True,simulation_npe_weighted
rootBackup/ar_99.0_cf4_1.0_1000.0kVcm_1.000bar_0.0028mm_100npe.root,rootBackup/ar_99.0_cf4_1.0_1000.0kVcm_1.000bar_0.0028mm_100npe.root,1,ar,cf4,99.0,1.0,1000000.0,0.002768,750.061683,1.0,293.15,100,1110.0,971.0,11.1,9.71,11.1,8695.610940456245,8695.610940456245,35079.47976878613,,True,simulation_npe_weighted
rootBackup/ar_99.0_cf4_1.0_730.5kVcm_1.000bar_0.0036mm_100npe.root,rootBackup/ar_99.0_cf4_1.0_730.5kVcm_1.000bar_0.0036mm_100npe.root,1,ar,cf4,99.0,1.0,730527.154266,0.003568,750.061683,1.0,293.15,100,2113.0,1955.0,21.13,19.55,21.13,8550.150873396764,8550.150873396764,54792.60089686099,,True,simulation_npe_weighted
rootBackup/ar_99.0_cf4_1.0_1000.0kVcm_1.000bar_0.0044mm_100npe.root,rootBackup/ar_99.0_cf4_1.0_1000.0kVcm_1.000bar_0.0044mm_100npe.root,1,ar,cf4,99.0,1.0,1000000.0,0.004401,750.061683,1.0,293.15,100,5261.0,4972.0,52.61,49.72,52.61,9004.558545200443,9004.558545200443,112974.32401726878,,True,simulation_npe_weighted
rootBackup/ar_99.0_cf4_1.0_533.7kVcm_1.000bar_0.0046mm_100npe.root,rootBackup/ar_99.0_cf4_1.0_533.7kVcm_1.000bar_0.0046mm_100npe.root,1,ar,cf4,99.0,1.0,533669.923121,0.004625,750.061683,1.0,293.15,100,4045.0,3876.0,40.45,38.76,40.45,8000.144094063785,8000.144094063785,83805.4054054054,,True,simulation_npe_weighted
rootBackup/ar_99.0_cf4_1.0_730.5kVcm_1.000bar_0.0051mm_100npe.root,rootBackup/ar_99.0_cf4_1.0_730.5kVcm_1.000bar_0.0051mm_100npe.root,1,ar,cf4,99.0,1.0,730527.154266,0.005068,750.061683,1.0,293.15,100,8650.0,8290.0,86.5,82.9,86.5,8800.600658914433,8800.600658914433,163575.37490134177,,True,simulation_npe_weighted
rootBackup/ar_99.0_cf4_1.0_533.7kVcm_1.000bar_0.0059mm_100npe.root,rootBackup/ar_99.0_cf4_1.0_533.7kVcm_1.000bar_0.0059mm_100npe.root,1,ar,cf4,99.0,1.0,533669.923121,0.005935,750.061683,1.0,293.15,100,11266.0,10957.0,112.66,109.57,112.66,7960.192811232632,7960.192811232632,184616.68070766635,,True,simulation_npe_weighted
rootBackup/ar_99.0_cf4_1.0_389.9kVcm_1.000bar_0.0060mm_100npe.root,rootBackup/ar_99.0_cf4_1.0_389.9kVcm_1.000bar_0.0060mm_100npe.root,1,ar,cf4,99.0,1.0,389860.370255,0.00604,750.061683,1.0,293.15,100,6332.0,6170.0,63.32,61.7,63.32,6867.882839425184,6867.882839425184,102152.3178807947,,True,simulation_npe_weighted
rootBackup/ar_99.0_cf4_1.0_389.9kVcm_1.000bar_0.0071mm_100npe.root,rootBackup/ar_99.0_cf4_1.0_389.9kVcm_1.000bar_0.0071mm_100npe.root,1,ar,cf4,99.0,1.0,389860.370255,0.007096,750.061683,1.0,293.15,100,13368.0,13126.0,133.68,131.26,133.68,6898.885124418177,6898.885124418177,184977.45208568205,,True,simulation_npe_weighted
rootBackup/ar_99.0_cf4_1.0_316.2kVcm_1.000bar_0.0074mm_100npe.root,rootBackup/ar_99.0_cf4_1.0_316.2kVcm_1.000bar_0.0074mm_100npe.root,1,ar,cf4,99.0,1.0,316227.766017,0.007378,750.061683,1.0,293.15,100,8437.0,8266.0,84.37,82.66,84.37,6011.4013122493025,6011.4013122493025,112035.78205475738,,True,simulation_npe_weighted
rootBackup/ar_99.0_cf4_1.0_284.8kVcm_1.000bar_0.0080mm_100npe.root,rootBackup/ar_99.0_cf4_1.0_284.8kVcm_1.000bar_0.0080mm_100npe.root,1,ar,cf4,99.0,1.0,284803.586844,0.007969,750.061683,1.0,293.15,100,8739.0,8593.0,87.39,85.93,87.39,5609.713715195698,5609.713715195698,107830.34257748775,,True,simulation_npe_weighted
rootBackup/ar_99.0_cf4_1.0_284.8kVcm_1.000bar_0.0087mm_100npe.root,rootBackup/ar_99.0_cf4_1.0_284.8kVcm_1.000bar_0.0087mm_100npe.root,1,ar,cf4,99.0,1.0,284803.586844,0.0087,750.061683,1.0,293.15,100,12558.0,12365.0,125.58,123.65,125.58,5555.106903087314,5555.106903087314,142126.4367816092,,True,simulation_npe_weighted
rootBackup/ar_99.0_cf4_1.0_231.0kVcm_1.000bar_0.0096mm_100npe.root,rootBackup/ar_99.0_cf4_1.0_231.0kVcm_1.000bar_0.0096mm_100npe.root,1,ar,cf4,99.0,1.0,231012.970008,0.009637,750.061683,1.0,293.15,100,9797.0,9672.0,97.97,96.72,97.97,4757.353231666028,4757.353231666028,100363.18356334958,,True,simulation_npe_weighted
rootBackup/ar_99.0_cf4_1.0_208.1kVcm_1.000bar_0.0107mm_100npe.root,rootBackup/ar_99.0_cf4_1.0_208.1kVcm_1.000bar_0.0107mm_100npe.root,1,ar,cf4,99.0,1.0,208056.753822,0.010668,750.061683,1.0,293.15,100,10178.0,10055.0,101.78,100.55,101.78,4333.346101575446,4333.346101575446,94253.84326959129,,True,simulation_npe_weighted
rootBackup/ar_99.0_cf4_1.0_208.1kVcm_1.000bar_0.0110mm_100npe.root,rootBackup/ar_99.0_cf4_1.0_208.1kVcm_1.000bar_0.0110mm_100npe.root,1,ar,cf4,99.0,1.0,208056.753822,0.010999,750.061683,1.0,293.15,100,11922.0,11798.0,119.22,117.98,119.22,4346.731999083354,4346.731999083354,107264.29675425039,,True,simulation_npe_weighted
rootBackup/ar_99.0_cf4_1.0_168.8kVcm_1.000bar_0.0129mm_100npe.root,rootBackup/ar_99.0_cf4_1.0_168.8kVcm_1.000bar_0.0129mm_100npe.root,1,ar,cf4,99.0,1.0,168761.247579,0.012915,750.061683,1.0,293.15,100,10621.0,10507.0,106.21,105.07,106.21,3612.402838818001,3612.402838818001,81355.0135501355,,True,simulation_npe_weighted
rootBackup/ar_99.0_cf4_1.0_152.0kVcm_1.000bar_0.0144mm_100npe.root,rootBackup/ar_99.0_cf4_1.0_152.0kVcm_1.000bar_0.0144mm_100npe.root,1,ar,cf4,99.0,1.0,151991.108295,0.014435,750.061683,1.0,293.15,100,10160.0,10053.0,101.6,100.53,101.6,3201.2771286071224,3201.2771286071224,69643.22826463457,,True,simulation_npe_weighted
rootBackup/ar_99.0_cf4_1.0_152.0kVcm_1.000bar_0.0146mm_100npe.root,rootBackup/ar_99.0_cf4_1.0_152.0kVcm_1.000bar_0.0146mm_100npe.root,1,ar,cf4,99.0,1.0,151991.108295,0.014564,750.061683,1.0,293.15,100,10942.0,10829.0,109.42,108.29,109.42,3223.8352709665473,3223.8352709665473,74354.5729195276,,True,simulation_npe_weighted
rootBackup/ar_99.0_cf4_1.0_123.3kVcm_1.000bar_0.0179mm_100npe.root,rootBackup/ar_99.0_cf4_1.0_123.3kVcm_1.000bar_0.0179mm_100npe.root,1,ar,cf4,99.0,1.0,123284.673944,0.017883,750.061683,1.0,293.15,100,10131.0,10027.0,101.31,100.27,101.31,2582.444289585408,2582.444289585408,56070.010624615556,,True,simulation_npe_weighted
rootBackup/ar_99.0_cf4_1.0_111.0kVcm_1.000bar_0.0198mm_100npe.root,rootBackup/ar_99.0_cf4_1.0_111.0kVcm_1.000bar_0.0198mm_100npe.root,1,ar,cf4,99.0,1.0,111033.631817,0.019826,750.061683,1.0,293.15,100,8909.0,8808.0,89.09,88.08,89.09,2264.524914119112,2264.524914119112,44426.51064259053,,True,simulation_npe_weighted
rootBackup/ar_99.0_cf4_1.0_111.0kVcm_1.000bar_0.0204mm_100npe.root,rootBackup/ar_99.0_cf4_1.0_111.0kVcm_1.000bar_0.0204mm_100npe.root,1,ar,cf4,99.0,1.0,111033.631817,0.02043,750.061683,1.0,293.15,100,10388.0,10289.0,103.88,102.89,103.88,2272.7539827677665,2272.7539827677665,50362.212432697015,,True,simulation_npe_weighted
rootBackup/ar_99.0_cf4_1.0_90.1kVcm_1.000bar_0.0258mm_100npe.root,rootBackup/ar_99.0_cf4_1.0_90.1kVcm_1.000bar_0.0258mm_100npe.root,1,ar,cf4,99.0,1.0,90062.802021,0.02581,750.061683,1.0,293.15,100,10037.0,9937.0,100.37,99.37,100.37,1785.6890189173612,1785.6890189173612,38500.58117008911,,True,simulation_npe_weighted
rootBackup/ar_99.0_cf4_1.0_81.1kVcm_1.000bar_0.0288mm_100npe.root,rootBackup/ar_99.0_cf4_1.0_81.1kVcm_1.000bar_0.0288mm_100npe.root,1,ar,cf4,99.0,1.0,81113.083079,0.028779,750.061683,1.0,293.15,100,7903.0,7807.0,79.03,78.07,79.03,1518.4083975179417,1518.4083975179417,27127.419298794255,,True,simulation_npe_weighted
rootBackup/ar_99.0_cf4_1.0_81.1kVcm_1.000bar_0.0298mm_100npe.root,rootBackup/ar_99.0_cf4_1.0_81.1kVcm_1.000bar_0.0298mm_100npe.root,1,ar,cf4,99.0,1.0,81113.083079,0.02975,750.061683,1.0,293.15,100,10319.0,10221.0,103.19,102.21,103.19,1558.5115795386967,1558.5115795386967,34356.3025210084,,True,simulation_npe_weighted
rootBackup/ar_99.0_cf4_1.0_65.8kVcm_1.000bar_0.0393mm_100npe.root,rootBackup/ar_99.0_cf4_1.0_65.8kVcm_1.000bar_0.0393mm_100npe.root,1,ar,cf4,99.0,1.0,65793.322466,0.039257,750.061683,1.0,293.15,100,8617.0,8524.0,86.17,85.24,86.17,1135.1662351304674,1135.1662351304674,21713.32501209975,,True,simulation_npe_weighted
rootBackup/ar_99.0_cf4_1.0_59.3kVcm_1.000bar_0.0447mm_100npe.root,rootBackup/ar_99.0_cf4_1.0_59.3kVcm_1.000bar_0.0447mm_100npe.root,1,ar,cf4,99.0,1.0,59255.309755,0.044686,750.061683,1.0,293.15,100,7822.0,7730.0,78.22,77.3,78.22,975.5908717109091,975.5908717109091,17298.482746274003,,True,simulation_npe_weighted
rootBackup/ar_99.0_cf4_1.0_59.3kVcm_1.000bar_0.0456mm_100npe.root,rootBackup/ar_99.0_cf4_1.0_59.3kVcm_1.000bar_0.0456mm_100npe.root,1,ar,cf4,99.0,1.0,59255.309755,0.045608,750.061683,1.0,293.15,100,9461.0,9372.0,94.61,93.72,94.61,997.580069004638,997.580069004638,20549.0264865813,,True,simulation_npe_weighted
rootBackup/ar_99.0_cf4_1.0_48.1kVcm_1.000bar_0.0638mm_100npe.root,rootBackup/ar_99.0_cf4_1.0_48.1kVcm_1.000bar_0.0638mm_100npe.root,1,ar,cf4,99.0,1.0,48063.808631,0.063821,750.061683,1.0,293.15,100,10864.0,10778.0,108.64,107.78,108.64,734.5606718494516,734.5606718494516,16887.858228482786,,True,simulation_npe_weighted
rootBackup/ar_99.0_cf4_1.0_43.3kVcm_1.000bar_0.0750mm_100npe.root,rootBackup/ar_99.0_cf4_1.0_43.3kVcm_1.000bar_0.0750mm_100npe.root,1,ar,cf4,99.0,1.0,43287.612811,0.075047,750.061683,1.0,293.15,100,9334.0,9255.0,93.34,92.55,93.34,604.4543739951856,604.4543739951856,12332.271776353484,,True,simulation_npe_weighted
rootBackup/ar_99.0_cf4_1.0_43.3kVcm_1.000bar_0.0753mm_100npe.root,rootBackup/ar_99.0_cf4_1.0_43.3kVcm_1.000bar_0.0753mm_100npe.root,1,ar,cf4,99.0,1.0,43287.612811,0.075319,750.061683,1.0,293.15,100,7626.0,7539.0,76.26,75.39,76.26,575.4389402978554,575.4389402978554,10009.426572312432,,True,simulation_npe_weighted
rootBackup/ar_99.0_cf4_1.0_35.1kVcm_1.000bar_0.1129mm_100npe.root,rootBackup/ar_99.0_cf4_1.0_35.1kVcm_1.000bar_0.1129mm_100npe.root,1,ar,cf4,99.0,1.0,35111.917342,0.112889,750.061683,1.0,293.15,100,11439.0,11372.0,114.39,113.72,114.39,419.84725372158334,419.84725372158334,10073.612132271523,,True,simulation_npe_weighted
rootBackup/ar_99.0_cf4_1.0_31.6kVcm_1.000bar_0.1361mm_100npe.root,rootBackup/ar_99.0_cf4_1.0_31.6kVcm_1.000bar_0.1361mm_100npe.root,1,ar,cf4,99.0,1.0,31622.776602,0.13613,750.061683,1.0,293.15,100,11117.0,11055.0,111.17,110.55,111.17,346.07070897271166,346.07070897271166,8120.91383236612,,True,simulation_npe_weighted
rootBackup/ar_99.0_cf4_1.0_31.6kVcm_1.000bar_0.1403mm_100npe.root,rootBackup/ar_99.0_cf4_1.0_31.6kVcm_1.000bar_0.1403mm_100npe.root,1,ar,cf4,99.0,1.0,31622.776602,0.140283,750.061683,1.0,293.15,100,10113.0,10054.0,101.13,100.54,101.13,329.078136189993,329.078136189993,7166.94111189524,,True,simulation_npe_weighted
rootBackup/ar_99.0_cf4_1.0_25.7kVcm_1.000bar_0.2222mm_100npe.root,rootBackup/ar_99.0_cf4_1.0_25.7kVcm_1.000bar_0.2222mm_100npe.root,1,ar,cf4,99.0,1.0,25650.209057,0.222233,750.061683,1.0,293.15,100,11582.0,11586.0,115.82,115.86,115.82,213.83130596255478,213.83130596255478,5213.447147813331,,True,simulation_npe_weighted
rootBackup/ar_99.0_cf4_1.0_20.0kVcm_1.000bar_0.4418mm_100npe.root,rootBackup/ar_99.0_cf4_1.0_20.0kVcm_1.000bar_0.4418mm_100npe.root,1,ar,cf4,99.0,1.0,19952.62315,0.441758,750.061683,1.0,293.15,100,17521.0,17769.0,175.21,177.69,175.21,116.9415212514317,116.9415212514317,4022.3380221750367,,True,simulation_npe_weighted
rootBackup/ar_99.0_cf4_1.0_18.7kVcm_1.000bar_0.5010mm_100npe.root,rootBackup/ar_99.0_cf4_1.0_18.7kVcm_1.000bar_0.5010mm_100npe.root,1,ar,cf4,99.0,1.0,18738.174229,0.501041,750.061683,1.0,293.15,100,12076.0,12262.0,120.76,122.62,120.76,95.67690278517404,95.67690278517404,2447.3047115904687,,True,simulation_npe_weighted
rootBackup/ar_99.0_cf4_1.0_16.9kVcm_1.000bar_0.7206mm_100npe.root,rootBackup/ar_99.0_cf4_1.0_16.9kVcm_1.000bar_0.7206mm_100npe.root,1,ar,cf4,99.0,1.0,16876.124758,0.720559,750.061683,1.0,293.15,100,14063.0,14486.0,140.63,144.86,140.63,68.6429886779869,68.6429886779869,2010.3836049511565,,True,simulation_npe_weighted
rootBackup/ar_99.0_cf4_1.0_14.3kVcm_1.000bar_1.2323mm_100npe.root,rootBackup/ar_99.0_cf4_1.0_14.3kVcm_1.000bar_1.2323mm_100npe.root,1,ar,cf4,99.0,1.0,14273.992182,1.232304,750.061683,1.0,293.15,100,12628.0,13435.0,126.28,134.35,126.28,39.263863979097614,39.263863979097614,1090.2342279177863,,True,simulation_npe_weighted
rootBackup/ar_99.0_cf4_1.0_13.7kVcm_1.000bar_1.3416mm_100npe.root,rootBackup/ar_99.0_cf4_1.0_13.7kVcm_1.000bar_1.3416mm_100npe.root,1,ar,cf4,99.0,1.0,13688.745095,1.341613,750.061683,1.0,293.15,100,8707.0,9372.0,87.07,93.72,87.07,33.293598025962204,33.293598025962204,698.5621039748421,,True,simulation_npe_weighted
rootBackup/ar_99.0_cf4_1.0_12.1kVcm_1.000bar_2.2201mm_100npe.root,rootBackup/ar_99.0_cf4_1.0_12.1kVcm_1.000bar_2.2201mm_100npe.root,1,ar,cf4,99.0,1.0,12073.082875,2.220087,750.061683,1.0,293.15,100,8011.0,9197.0,80.11,91.97,80.11,19.744274392071237,19.744274392071237,414.2630446464485,,True,simulation_npe_weighted
rootBackup/ar_99.0_cf4_1.0_10.2kVcm_1.000bar_4.2352mm_100npe.root,rootBackup/ar_99.0_cf4_1.0_10.2kVcm_1.000bar_4.2352mm_100npe.root,1,ar,cf4,99.0,1.0,10211.532152,4.235171,750.061683,1.0,293.15,100,2705.0,3884.0,27.05,38.84,27.05,7.78643177640877,7.78643177640877,91.70822146260446,,True,simulation_npe_weighted
rootBackup/ar_99.0_cf4_1.0_10.0kVcm_1.000bar_4.4676mm_100npe.root,rootBackup/ar_99.0_cf4_1.0_10.0kVcm_1.000bar_4.4676mm_100npe.root,1,ar,cf4,99.0,1.0,10000.0,4.467607,750.061683,1.0,293.15,100,1970.0,2989.0,19.7,29.89,19.7,6.671622270589026,6.671622270589026,66.90382569460563,,True,simulation_npe_weighted
rootBackup/ar_99.0_cf4_1.0_8.6kVcm_1.000bar_8.6037mm_100npe.root,rootBackup/ar_99.0_cf4_1.0_8.6kVcm_1.000bar_8.6037mm_100npe.root,1,ar,cf4,99.0,1.0,8637.014255,8.603738,750.061683,1.0,293.15,100,221.0,672.0,2.21,6.72,2.21,0.9216837094872733,0.9216837094872733,7.81055861998587,,True,simulation_npe_weighted
rootBackup/ar_99.0_cf4_1.0_1584.9kVcm_10.000bar_0.0012mm_100npe.root,rootBackup/ar_99.0_cf4_1.0_1584.9kVcm_10.000bar_0.0012mm_100npe.root,1,ar,cf4,99.0,1.0,1584893.192461,0.001232,7500.61683,10.0,293.15,100,5948.0,5837.0,59.48,58.37,59.48,33162.66332461001,33162.66332461001,473782.46753246745,,True,simulation_npe_weighted
rootBackup/ar_99.0_cf4_1.0_1368.9kVcm_10.000bar_0.0015mm_100npe.root,rootBackup/ar_99.0_cf4_1.0_1368.9kVcm_10.000bar_0.0015mm_100npe.root,1,ar,cf4,99.0,1.0,1368874.509537,0.001483,7500.61683,10.0,293.15,100,7406.0,7306.0,74.06,73.06,74.06,29028.156274345693,29028.156274345693,492650.0337154417,,True,simulation_npe_weighted
rootBackup/ar_99.0_cf4_1.0_1182.3kVcm_10.000bar_0.0018mm_100npe.root,rootBackup/ar_99.0_cf4_1.0_1182.3kVcm_10.000bar_0.0018mm_100npe.root,1,ar,cf4,99.0,1.0,1182298.865169,0.001791,7500.61683,10.0,293.15,100,8201.0,8100.0,82.01,81.0,82.01,24605.478453647793,24605.478453647793,452261.3065326633,,True,simulation_npe_weighted
rootBackup/ar_99.0_cf4_1.0_1021.2kVcm_10.000bar_0.0022mm_100npe.root,rootBackup/ar_99.0_cf4_1.0_1021.2kVcm_10.000bar_0.0022mm_100npe.root,1,ar,cf4,99.0,1.0,1021153.215171,0.002171,7500.61683,10.0,293.15,100,8765.0,8666.0,87.65,86.66,87.65,20605.02815001033,20605.02815001033,399170.8889912482,,True,simulation_npe_weighted
rootBackup/ar_99.0_cf4_1.0_1000.0kVcm_10.000bar_0.0022mm_100npe.root,rootBackup/ar_99.0_cf4_1.0_1000.0kVcm_10.000bar_0.0022mm_100npe.root,1,ar,cf4,99.0,1.0,1000000.0,0.002179,7500.61683,10.0,293.15,100,8536.0,8433.0,85.36,84.33,85.36,20407.882547010086,20407.882547010086,387012.3910050482,,True,simulation_npe_weighted
rootBackup/ar_99.0_cf4_1.0_900.6kVcm_10.000bar_0.0025mm_100npe.root,rootBackup/ar_99.0_cf4_1.0_900.6kVcm_10.000bar_0.0025mm_100npe.root,1,ar,cf4,99.0,1.0,900628.020211,0.002521,7500.61683,10.0,293.15,100,7678.0,7581.0,76.78,75.81,76.78,17219.136015758235,17219.136015758235,300714.00238000794,,True,simulation_npe_weighted
rootBackup/ar_99.0_cf4_1.0_882.0kVcm_10.000bar_0.0026mm_100npe.root,rootBackup/ar_99.0_cf4_1.0_882.0kVcm_10.000bar_0.0026mm_100npe.root,1,ar,cf4,99.0,1.0,881971.48756,0.002644,7500.61683,10.0,293.15,100,9521.0,9421.0,95.21,94.21,95.21,17231.78887404538,17231.78887404538,356316.18759455363,,True,simulation_npe_weighted
rootBackup/ar_99.0_cf4_1.0_811.1kVcm_10.000bar_0.0029mm_100npe.root,rootBackup/ar_99.0_cf4_1.0_811.1kVcm_10.000bar_0.0029mm_100npe.root,1,ar,cf4,99.0,1.0,811130.83079,0.002924,7500.61683,10.0,293.15,100,9734.0,9633.0,97.34,96.33,97.34,15657.352956242505,15657.352956242505,329445.9644322845,,True,simulation_npe_weighted
rootBackup/ar_99.0_cf4_1.0_707.9kVcm_10.000bar_0.0031mm_100npe.root,rootBackup/ar_99.0_cf4_1.0_707.9kVcm_10.000bar_0.0031mm_100npe.root,1,ar,cf4,99.0,1.0,707945.784384,0.00307,7500.61683,10.0,293.15,100,4932.0,4835.0,49.32,48.35,49.32,12698.142274580274,12698.142274580274,157491.85667752445,,True,simulation_npe_weighted
rootBackup/ar_99.0_cf4_1.0_761.8kVcm_10.000bar_0.0032mm_100npe.root,rootBackup/ar_99.0_cf4_1.0_761.8kVcm_10.000bar_0.0032mm_100npe.root,1,ar,cf4,99.0,1.0,761760.031025,0.003237,7500.61683,10.0,293.15,100,9904.0,9812.0,99.04,98.12,99.04,14196.860701069774,14196.860701069774,303120.1729996911,,True,simulation_npe_weighted
rootBackup/ar_99.0_cf4_1.0_730.5kVcm_10.000bar_0.0034mm_100npe.root,rootBackup/ar_99.0_cf4_1.0_730.5kVcm_10.000bar_0.0034mm_100npe.root,1,ar,cf4,99.0,1.0,730527.154266,0.003401,7500.61683,10.0,293.15,100,10760.0,10663.0,107.6,106.63,107.6,13756.014841892631,13756.014841892631,313525.43369597173,,True,simulation_npe_weighted
rootBackup/ar_99.0_cf4_1.0_631.0kVcm_10.000bar_0.0037mm_100npe.root,rootBackup/ar_99.0_cf4_1.0_631.0kVcm_10.000bar_0.0037mm_100npe.root,1,ar,cf4,99.0,1.0,630957.34448,0.003747,7500.61683,10.0,293.15,100,6151.0,6055.0,61.51,60.55,61.51,10993.327363811788,10993.327363811788,161595.9434214038,,True,simulation_npe_weighted
rootBackup/ar_99.0_cf4_1.0_657.9kVcm_10.000bar_0.0040mm_100npe.root,rootBackup/ar_99.0_cf4_1.0_657.9kVcm_10.000bar_0.0040mm_100npe.root,1,ar,cf4,99.0,1.0,657933.224658,0.003993,7500.61683,10.0,293.15,100,10392.0,10299.0,103.92,102.99,103.92,11629.40488946242,11629.40488946242,257926.37114951163,,True,simulation_npe_weighted
rootBackup/ar_99.0_cf4_1.0_562.3kVcm_10.000bar_0.0046mm_100npe.root,rootBackup/ar_99.0_cf4_1.0_562.3kVcm_10.000bar_0.0046mm_100npe.root,1,ar,cf4,99.0,1.0,562341.32519,0.004586,7500.61683,10.0,293.15,100,7007.0,6917.0,70.07,69.17,70.07,9266.2336292683,9266.2336292683,150828.60880942,,True,simulation_npe_weighted
rootBackup/ar_99.0_cf4_1.0_592.6kVcm_10.000bar_0.0047mm_100npe.root,rootBackup/ar_99.0_cf4_1.0_592.6kVcm_10.000bar_0.0047mm_100npe.root,1,ar,cf4,99.0,1.0,592553.097555,0.004651,7500.61683,10.0,293.15,100,10964.0,10867.0,109.64,108.67,109.64,10099.338360426973,10099.338360426973,233648.67770371964,,True,simulation_npe_weighted
rootBackup/ar_99.0_cf4_1.0_568.3kVcm_10.000bar_0.0050mm_100npe.root,rootBackup/ar_99.0_cf4_1.0_568.3kVcm_10.000bar_0.0050mm_100npe.root,1,ar,cf4,99.0,1.0,568257.863997,0.004967,7500.61683,10.0,293.15,100,10433.0,10338.0,104.33,103.38,104.33,9356.873268532068,9356.873268532068,208133.68230320112,,True,simulation_npe_weighted
rootBackup/ar_99.0_cf4_1.0_533.7kVcm_10.000bar_0.0055mm_100npe.root,rootBackup/ar_99.0_cf4_1.0_533.7kVcm_10.000bar_0.0055mm_100npe.root,1,ar,cf4,99.0,1.0,533669.923121,0.005475,7500.61683,10.0,293.15,100,9741.0,9651.0,97.41,96.51,97.41,8363.340410562309,8363.340410562309,176273.97260273973,,True,simulation_npe_weighted
rootBackup/ar_99.0_cf4_1.0_501.2kVcm_10.000bar_0.0056mm_100npe.root,rootBackup/ar_99.0_cf4_1.0_501.2kVcm_10.000bar_0.0056mm_100npe.root,1,ar,cf4,99.0,1.0,501187.233627,0.005636,7500.61683,10.0,293.15,100,7217.0,7126.0,72.17,71.26,72.17,7592.307393690883,7592.307393690883,126437.18949609653,,True,simulation_npe_weighted
rootBackup/ar_99.0_cf4_1.0_490.8kVcm_10.000bar_0.0062mm_100npe.root,rootBackup/ar_99.0_cf4_1.0_490.8kVcm_10.000bar_0.0062mm_100npe.root,1,ar,cf4,99.0,1.0,490805.127165,0.006247,7500.61683,10.0,293.15,100,10939.0,10857.0,109.39,108.57,109.39,7515.478594736192,7515.478594736192,173795.42180246516,,True,simulation_npe_weighted
rootBackup/ar_99.0_cf4_1.0_480.6kVcm_10.000bar_0.0065mm_100npe.root,rootBackup/ar_99.0_cf4_1.0_480.6kVcm_10.000bar_0.0065mm_100npe.root,1,ar,cf4,99.0,1.0,480638.086306,0.00648,7500.61683,10.0,293.15,100,11219.0,11133.0,112.19,111.33,112.19,7284.249787896409,7284.249787896409,171805.55555555553,,True,simulation_npe_weighted
rootBackup/ar_99.0_cf4_1.0_446.7kVcm_10.000bar_0.0070mm_100npe.root,rootBackup/ar_99.0_cf4_1.0_446.7kVcm_10.000bar_0.0070mm_100npe.root,1,ar,cf4,99.0,1.0,446683.592151,0.006959,7500.61683,10.0,293.15,100,7795.0,7714.0,77.95,77.14,77.95,6259.617179916346,6259.617179916346,110849.25995114239,,True,simulation_npe_weighted
rootBackup/ar_99.0_cf4_1.0_432.9kVcm_10.000bar_0.0077mm_100npe.root,rootBackup/ar_99.0_cf4_1.0_432.9kVcm_10.000bar_0.0077mm_100npe.root,1,ar,cf4,99.0,1.0,432876.128108,0.007719,7500.61683,10.0,293.15,100,9412.0,9331.0,94.12,93.31,94.12,5887.5120661473775,5887.5120661473775,120883.53413654618,,True,simulation_npe_weighted
rootBackup/ar_99.0_cf4_1.0_423.9kVcm_10.000bar_0.0080mm_100npe.root,rootBackup/ar_99.0_cf4_1.0_423.9kVcm_10.000bar_0.0080mm_100npe.root,1,ar,cf4,99.0,1.0,423909.087958,0.007962,7500.61683,10.0,293.15,100,9594.0,9516.0,95.94,95.16,95.94,5731.880175928055,5731.880175928055,119517.70911831196,,True,simulation_npe_weighted
rootBackup/ar_99.0_cf4_1.0_398.1kVcm_10.000bar_0.0086mm_100npe.root,rootBackup/ar_99.0_cf4_1.0_398.1kVcm_10.000bar_0.0086mm_100npe.root,1,ar,cf4,99.0,1.0,398107.170553,0.008644,7500.61683,10.0,293.15,100,9485.0,9400.0,94.85,94.0,94.85,5266.423757960461,5266.423757960461,108745.95094863488,,True,simulation_npe_weighted
rootBackup/ar_99.0_cf4_1.0_389.9kVcm_10.000bar_0.0093mm_100npe.root,rootBackup/ar_99.0_cf4_1.0_389.9kVcm_10.000bar_0.0093mm_100npe.root,1,ar,cf4,99.0,1.0,389860.370255,0.009266,7500.61683,10.0,293.15,100,9872.0,9797.0,98.72,97.97,98.72,4956.062551432201,4956.062551432201,105730.62810274119,,True,simulation_npe_weighted
rootBackup/ar_99.0_cf4_1.0_366.1kVcm_10.000bar_0.0103mm_100npe.root,rootBackup/ar_99.0_cf4_1.0_366.1kVcm_10.000bar_0.0103mm_100npe.root,1,ar,cf4,99.0,1.0,366130.883536,0.010318,7500.61683,10.0,293.15,100,10779.0,10709.0,107.79,107.09,107.79,4535.941936221688,4535.941936221688,103789.49408800155,,True,simulation_npe_weighted
rootBackup/ar_99.0_cf4_1.0_354.8kVcm_10.000bar_0.0108mm_100npe.root,rootBackup/ar_99.0_cf4_1.0_354.8kVcm_10.000bar_0.0108mm_100npe.root,1,ar,cf4,99.0,1.0,354813.389234,0.010818,7500.61683,10.0,293.15,100,8169.0,8089.0,81.69,80.89,81.69,4070.00517226269,4070.00517226269,74773.52560547236,,True,simulation_npe_weighted
rootBackup/ar_99.0_cf4_1.0_351.1kVcm_10.000bar_0.0112mm_100npe.root,rootBackup/ar_99.0_cf4_1.0_351.1kVcm_10.000bar_0.0112mm_100npe.root,1,ar,cf4,99.0,1.0,351119.173422,0.011223,7500.61683,10.0,293.15,100,10945.0,10868.0,109.45,108.68,109.45,4183.790273517661,4183.790273517661,96836.85289138377,,True,simulation_npe_weighted
rootBackup/ar_99.0_cf4_1.0_316.2kVcm_10.000bar_0.0137mm_100npe.root,rootBackup/ar_99.0_cf4_1.0_316.2kVcm_10.000bar_0.0137mm_100npe.root,1,ar,cf4,99.0,1.0,316227.766017,0.01365,7500.61683,10.0,293.15,100,10404.0,10348.0,104.04,103.48,104.04,3402.765890535128,3402.765890535128,75809.5238095238,,True,simulation_npe_weighted
rootBackup/ar_99.0_cf4_1.0_316.2kVcm_10.000bar_0.0148mm_100npe.root,rootBackup/ar_99.0_cf4_1.0_316.2kVcm_10.000bar_0.0148mm_100npe.root,1,ar,cf4,99.0,1.0,316227.766017,0.014823,7500.61683,10.0,293.15,100,14245.0,14209.0,142.45,142.09,142.45,3345.4705936341616,3345.4705936341616,95857.78857181408,,True,simulation_npe_weighted
rootBackup/ar_99.0_cf4_1.0_281.8kVcm_10.000bar_0.0175mm_100npe.root,rootBackup/ar_99.0_cf4_1.0_281.8kVcm_10.000bar_0.0175mm_100npe.root,1,ar,cf4,99.0,1.0,281838.293126,0.017467,7500.61683,10.0,293.15,100,10963.0,10929.0,109.63,109.29,109.63,2689.1344018357177,2689.1344018357177,62569.41661418675,,True,simulation_npe_weighted
rootBackup/ar_99.0_cf4_1.0_284.8kVcm_10.000bar_0.0177mm_100npe.root,rootBackup/ar_99.0_cf4_1.0_284.8kVcm_10.000bar_0.0177mm_100npe.root,1,ar,cf4,99.0,1.0,284803.586844,0.017687,7500.61683,10.0,293.15,100,11095.0,11062.0,110.95,110.62,110.95,2662.452450601347,2662.452450601347,62543.110759314746,,True,simulation_npe_weighted
rootBackup/ar_99.0_cf4_1.0_256.5kVcm_10.000bar_0.0217mm_100npe.root,rootBackup/ar_99.0_cf4_1.0_256.5kVcm_10.000bar_0.0217mm_100npe.root,1,ar,cf4,99.0,1.0,256502.090568,0.021719,7500.61683,10.0,293.15,100,10840.0,10831.0,108.4,108.31,108.4,2157.478746261589,2157.478746261589,49868.7784888807,,True,simulation_npe_weighted
rootBackup/ar_99.0_cf4_1.0_251.2kVcm_10.000bar_0.0227mm_100npe.root,rootBackup/ar_99.0_cf4_1.0_251.2kVcm_10.000bar_0.0227mm_100npe.root,1,ar,cf4,99.0,1.0,251188.643151,0.022653,7500.61683,10.0,293.15,100,10940.0,10936.0,109.4,109.36,109.4,2072.577976421613,2072.577976421613,48276.16651216174,,True,simulation_npe_weighted
rootBackup/ar_99.0_cf4_1.0_231.0kVcm_10.000bar_0.0275mm_100npe.root,rootBackup/ar_99.0_cf4_1.0_231.0kVcm_10.000bar_0.0275mm_100npe.root,1,ar,cf4,99.0,1.0,231012.970008,0.027468,7500.61683,10.0,293.15,100,10914.0,10935.0,109.14,109.35,109.14,1708.3993963004534,1708.3993963004534,39809.96068152031,,True,simulation_npe_weighted
rootBackup/ar_99.0_cf4_1.0_223.9kVcm_10.000bar_0.0299mm_100npe.root,rootBackup/ar_99.0_cf4_1.0_223.9kVcm_10.000bar_0.0299mm_100npe.root,1,ar,cf4,99.0,1.0,223872.113857,0.02992,7500.61683,10.0,293.15,100,11153.0,11175.0,111.53,111.75,111.53,1575.6328920476087,1575.6328920476087,37349.59893048128,,True,simulation_npe_weighted
rootBackup/ar_99.0_cf4_1.0_208.1kVcm_10.000bar_0.0358mm_100npe.root,rootBackup/ar_99.0_cf4_1.0_208.1kVcm_10.000bar_0.0358mm_100npe.root,1,ar,cf4,99.0,1.0,208056.753822,0.0358,7500.61683,10.0,293.15,100,8722.0,8789.0,87.22,87.89,87.22,1248.1658274901174,1248.1658274901174,24550.27932960894,,True,simulation_npe_weighted
rootBackup/ar_99.0_cf4_1.0_199.5kVcm_10.000bar_0.0404mm_100npe.root,rootBackup/ar_99.0_cf4_1.0_199.5kVcm_10.000bar_0.0404mm_100npe.root,1,ar,cf4,99.0,1.0,199526.231497,0.040428,7500.61683,10.0,293.15,100,11640.0,11771.0,116.4,117.71,116.4,1176.667788487518,1176.667788487518,29115.95923617295,,True,simulation_npe_weighted
rootBackup/ar_99.0_cf4_1.0_187.4kVcm_10.000bar_0.0481mm_100npe.root,rootBackup/ar_99.0_cf4_1.0_187.4kVcm_10.000bar_0.0481mm_100npe.root,1,ar,cf4,99.0,1.0,187381.742286,0.04812,7500.61683,10.0,293.15,100,10876.0,11040.0,108.76,110.4,108.76,974.468748911943,974.468748911943,22942.643391521196,,True,simulation_npe_weighted
rootBackup/ar_99.0_cf4_1.0_168.8kVcm_10.000bar_0.0668mm_100npe.root,rootBackup/ar_99.0_cf4_1.0_168.8kVcm_10.000bar_0.0668mm_100npe.root,1,ar,cf4,99.0,1.0,168761.247579,0.066754,7500.61683,10.0,293.15,100,9006.0,9217.0,90.06,92.17,90.06,674.1882306488639,674.1882306488639,13807.412289900232,,True,simulation_npe_weighted
rootBackup/ar_99.0_cf4_1.0_152.0kVcm_10.000bar_0.0956mm_100npe.root,rootBackup/ar_99.0_cf4_1.0_152.0kVcm_10.000bar_0.0956mm_100npe.root,1,ar,cf4,99.0,1.0,151991.108295,0.095643,7500.61683,10.0,293.15,100,11756.0,12310.0,117.56,123.1,117.56,498.41063554580217,498.41063554580217,12870.77987934297,,True,simulation_npe_weighted
rootBackup/ar_99.0_cf4_1.0_136.9kVcm_10.000bar_0.1416mm_100npe.root,rootBackup/ar_99.0_cf4_1.0_136.9kVcm_10.000bar_0.1416mm_100npe.root,1,ar,cf4,99.0,1.0,136887.450954,0.141638,7500.61683,10.0,293.15,100,12502.0,13516.0,125.02,135.16,125.02,340.9024219844722,340.9024219844722,9542.636862988746,,True,simulation_npe_weighted
rootBackup/ar_99.0_cf4_1.0_125.9kVcm_10.000bar_0.1971mm_100npe.root,rootBackup/ar_99.0_cf4_1.0_125.9kVcm_10.000bar_0.1971mm_100npe.root,1,ar,cf4,99.0,1.0,125892.541179,0.197142,7500.61683,10.0,293.15,100,11144.0,12517.0,111.44,125.17,111.44,239.09092580330673,239.09092580330673,6349.2305039007415,,True,simulation_npe_weighted
rootBackup/ar_99.0_cf4_1.0_123.3kVcm_10.000bar_0.2170mm_100npe.root,rootBackup/ar_99.0_cf4_1.0_123.3kVcm_10.000bar_0.2170mm_100npe.root,1,ar,cf4,99.0,1.0,123284.673944,0.216971,7500.61683,10.0,293.15,100,13109.0,15072.0,131.09,150.72,131.09,224.72515267983823,224.72515267983823,6946.550460660641,,True,simulation_npe_weighted
rootBackup/ar_99.0_cf4_1.0_118.2kVcm_10.000bar_0.2598mm_100npe.root,rootBackup/ar_99.0_cf4_1.0_118.2kVcm_10.000bar_0.2598mm_100npe.root,1,ar,cf4,99.0,1.0,118229.886517,0.259779,7500.61683,10.0,293.15,100,9263.0,10929.0,92.63,109.29,92.63,174.32560227215967,174.32560227215967,4207.03752035384,,True,simulation_npe_weighted
rootBackup/ar_99.0_cf4_1.0_111.0kVcm_10.000bar_0.3441mm_100npe.root,rootBackup/ar_99.0_cf4_1.0_111.0kVcm_10.000bar_0.3441mm_100npe.root,1,ar,cf4,99.0,1.0,111033.631817,0.344081,7500.61683,10.0,293.15,100,10593.0,13471.0,105.93,134.71,105.93,135.51397777291987,135.51397777291987,3915.0665105018875,,True,simulation_npe_weighted
rootBackup/ar_99.0_cf4_1.0_111.0kVcm_10.000bar_0.3486mm_100npe.root,rootBackup/ar_99.0_cf4_1.0_111.0kVcm_10.000bar_0.3486mm_100npe.root,1,ar,cf4,99.0,1.0,111033.631817,0.348558,7500.61683,10.0,293.15,100,10583.0,13366.0,105.83,133.66,105.83,133.74629281513072,133.74629281513072,3834.6559252692523,,True,simulation_npe_weighted
rootBackup/ar_99.0_cf4_1.0_104.3kVcm_10.000bar_0.4769mm_100npe.root,rootBackup/ar_99.0_cf4_1.0_104.3kVcm_10.000bar_0.4769mm_100npe.root,1,ar,cf4,99.0,1.0,104275.388885,0.476946,7500.61683,10.0,293.15,100,7538.0,10752.0,75.38,107.52,75.38,90.62958883896687,90.62958883896687,2254.3432589852937,,True,simulation_npe_weighted
rootBackup/ar_99.0_cf4_1.0_100.0kVcm_10.000bar_0.5653mm_100npe.root,rootBackup/ar_99.0_cf4_1.0_100.0kVcm_10.000bar_0.5653mm_100npe.root,1,ar,cf4,99.0,1.0,100000.0,0.565341,7500.61683,10.0,293.15,100,3578.0,5676.0,35.78,56.76,35.78,63.27842979866263,63.27842979866263,1003.9958184529336,,True,simulation_npe_weighted
rootBackup/ar_99.0_cf4_1.0_97.9kVcm_10.000bar_0.6667mm_100npe.root,rootBackup/ar_99.0_cf4_1.0_97.9kVcm_10.000bar_0.6667mm_100npe.root,1,ar,cf4,99.0,1.0,97928.497423,0.666681,7500.61683,10.0,293.15,100,5210.0,8772.0,52.1,87.72,52.1,59.29619936310352,59.29619936310352,1315.7717109082155,,True,simulation_npe_weighted
rootBackup/ar_99.0_cf4_1.0_92.0kVcm_10.000bar_0.9537mm_100npe.root,rootBackup/ar_99.0_cf4_1.0_92.0kVcm_10.000bar_0.9537mm_100npe.root,1,ar,cf4,99.0,1.0,91967.919851,0.953709,7500.61683,10.0,293.15,100,1438.0,3553.0,14.38,35.53,14.38,27.952324580064783,27.952324580064783,372.54550392205584,,True,simulation_npe_weighted
rootBackup/ar_99.0_cf4_1.0_86.4kVcm_10.000bar_1.3990mm_100npe.root,rootBackup/ar_99.0_cf4_1.0_86.4kVcm_10.000bar_1.3990mm_100npe.root,1,ar,cf4,99.0,1.0,86370.142546,1.39903,7500.61683,10.0,293.15,100,204.0,1163.0,2.04,11.63,2.04,5.096029447946971,5.096029447946971,83.12902511025497,,True,simulation_npe_weighted
rootBackup/cf4_100.0_ar_0.0_12.3kVcm_0.050bar_0.5700mm_50npe.root,rootBackup/cf4_100.0_ar_0.0_12.3kVcm_0.050bar_0.5700mm_50npe.root,1,cf4,ar,100.0,0.0,12300.0,0.57,37.50308415,0.05,293.15,50,45084321.0,45108111.0,901686.42,902162.22,901686.42,240.5617910339158,240.5617910339158,15827407.368421054,,True,simulation_npe_weighted
rootBackup/cf4_100.0_he_0.0_19.3kVcm_0.300bar_0.5700mm_50npe.root,rootBackup/cf4_100.0_he_0.0_19.3kVcm_0.300bar_0.5700mm_50npe.root,1,cf4,he,100.0,0.0,19300.0,0.57,225.0185049,0.3,293.15,50,4032175.0,4405998.0,80643.5,88119.96,80643.5,198.20690324808947,198.20690324808947,1545964.210526316,,True,simulation_npe_weighted
rootBackup/cf4_100.0_he_0.0_43.0kVcm_1.000bar_0.5700mm_50npe.root,rootBackup/cf4_100.0_he_0.0_43.0kVcm_1.000bar_0.5700mm_50npe.root,1,cf4,he,100.0,0.0,43000.0,0.57,750.061683,1.0,293.15,50,334399.0,528811.0,6687.98,10576.22,6687.98,154.5274941110429,154.5274941110429,185547.71929824562,,True,simulation_npe_weighted
rootBackup/he_80.0_cf4_20.0_18.7kVcm_1.000bar_0.5700mm_50npe.root,rootBackup/he_80.0_cf4_20.0_18.7kVcm_1.000bar_0.5700mm_50npe.root,1,he,cf4,80.0,20.0,18700.0,0.57,750.061683,1.0,293.15,50,231787.0,262602.0,4635.74,5252.04,4635.74,148.09738807117398,148.09738807117398,92141.05263157896,,True,simulation_npe_weighted
